time,Iplus_at_R,Iminus_at_R,P,Q,rf_on,dnp_on
0.0,0.1458999499554969,0.3241234098006072,0.4499999999999989,0.158125954360613,0,0
0.0015,0.1458999499554969,0.3241234098006072,0.4499999999999989,0.158125954360613,0,0
0.013499999999999998,0.1458999499554969,0.3241234098006072,0.44999999999999885,0.15812595436061302,0,0
0.025500000000000005,0.1458999499554969,0.3241234098006072,0.44999999999999885,0.15812595436061302,0,0
0.03750000000000001,0.1458999499554969,0.3241234098006072,0.44999999999999885,0.15812595436061302,0,0
0.04950000000000002,0.1458999499554969,0.3241234098006072,0.44999999999999885,0.15812595436061302,0,0
0.061500000000000034,0.1458999499554969,0.3241234098006072,0.44999999999999885,0.15812595436061302,0,0
0.07350000000000004,0.1458999499554969,0.3241234098006072,0.44999999999999885,0.15812595436061302,0,0
0.08550000000000005,0.1458999499554969,0.3241234098006072,0.44999999999999885,0.15812595436061302,0,0
0.09750000000000006,0.1458999499554969,0.3241234098006072,0.44999999999999885,0.15812595436061302,0,0
0.10950000000000007,0.1458999499554969,0.3241234098006072,0.44999999999999885,0.15812595436061302,0,0
0.12150000000000008,0.1458999499554969,0.3241234098006072,0.44999999999999885,0.15812595436061302,0,0
0.1335000000000001,0.1458999499554969,0.3241234098006072,0.44999999999999885,0.15812595436061302,0,0
0.1455000000000001,0.1458999499554969,0.3241234098006072,0.44999999999999885,0.15812595436061302,0,0
0.1575000000000001,0.1458999499554969,0.3241234098006072,0.44999999999999885,0.15812595436061302,0,0
0.16950000000000012,0.1458999499554969,0.3241234098006072,0.44999999999999885,0.15812595436061302,0,0
0.18150000000000013,0.1458999499554969,0.3241234098006072,0.44999999999999885,0.15812595436061302,0,0
0.19350000000000014,0.1458999499554969,0.3241234098006072,0.44999999999999885,0.15812595436061302,0,0
0.20550000000000015,0.1458999499554969,0.3241234098006072,0.44999999999999885,0.15812595436061302,0,0
0.21750000000000017,0.1458999499554969,0.3241234098006072,0.44999999999999885,0.15812595436061302,0,0
0.22950000000000018,0.1458999499554969,0.3241234098006072,0.44999999999999885,0.15812595436061302,0,0
0.2415000000000002,0.1458999499554969,0.3241234098006072,0.44999999999999885,0.15812595436061302,0,0
0.25350000000000017,0.1458999499554969,0.3241234098006072,0.44999999999999885,0.15812595436061302,0,0
0.2655000000000002,0.1458999499554969,0.3241234098006072,0.44999999999999885,0.15812595436061302,0,0
0.2775000000000002,0.1458999499554969,0.3241234098006072,0.44999999999999885,0.15812595436061302,0,0
0.2895000000000002,0.1458999499554969,0.3241234098006072,0.44999999999999885,0.15812595436061302,0,0
0.3015000000000002,0.1458999499554969,0.3241234098006072,0.44999999999999885,0.15812595436061302,0,0
0.3135000000000002,0.1458999499554969,0.3241234098006072,0.44999999999999885,0.15812595436061302,0,0
0.32550000000000023,0.1458999499554969,0.3241234098006072,0.44999999999999885,0.15812595436061302,0,0
0.33750000000000024,0.1458999499554969,0.3241234098006072,0.44999999999999885,0.15812595436061302,0,0
0.34950000000000025,0.1458999499554969,0.3241234098006072,0.44999999999999885,0.15812595436061302,0,0
0.36150000000000027,0.1458999499554969,0.3241234098006072,0.44999999999999885,0.15812595436061302,0,0
0.3735000000000003,0.1458999499554969,0.3241234098006072,0.44999999999999885,0.15812595436061302,0,0
0.3855000000000003,0.1458999499554969,0.3241234098006072,0.44999999999999885,0.15812595436061302,0,0
0.3975000000000003,0.1458999499554969,0.3241234098006072,0.44999999999999885,0.15812595436061302,0,0
0.4095000000000003,0.1458999499554969,0.3241234098006072,0.44999999999999885,0.15812595436061302,0,0
0.4215000000000003,0.1458999499554969,0.3241234098006072,0.44999999999999885,0.15812595436061302,0,0
0.43350000000000033,0.1458999499554969,0.3241234098006072,0.44999999999999885,0.15812595436061302,0,0
0.44550000000000034,0.1458999499554969,0.3241234098006072,0.44999999999999885,0.15812595436061302,0,0
0.45750000000000035,0.1458999499554969,0.3241234098006072,0.44999999999999885,0.15812595436061302,0,0
0.46950000000000036,0.1458999499554969,0.3241234098006072,0.44999999999999885,0.15812595436061302,0,0
0.48150000000000037,0.1458999499554969,0.3241234098006072,0.44999999999999885,0.15812595436061302,0,0
0.4935000000000004,0.1458999499554969,0.3241234098006072,0.44999999999999885,0.15812595436061302,0,0
0.5055000000000002,0.1458999499554969,0.3241234098006072,0.44999999999999885,0.15812595436061302,0,0
0.5174999999999997,0.1458999499554969,0.3241234098006072,0.44999999999999885,0.15812595436061302,0,0
0.5294999999999993,0.1458999499554969,0.3241234098006072,0.44999999999999885,0.15812595436061302,0,0
0.5414999999999989,0.1458999499554969,0.3241234098006072,0.44999999999999885,0.15812595436061302,0,0
0.5534999999999984,0.1458999499554969,0.3241234098006072,0.44999999999999885,0.15812595436061302,0,0
0.565499999999998,0.1458999499554969,0.3241234098006072,0.44999999999999885,0.15812595436061302,0,0
0.5774999999999976,0.1458999499554969,0.3241234098006072,0.44999999999999885,0.15812595436061302,0,0
0.5894999999999971,0.1458999499554969,0.3241234098006072,0.44999999999999885,0.15812595436061302,0,0
0.6014999999999967,0.1458999499554969,0.3241234098006072,0.44999999999999885,0.15812595436061302,0,0
0.6134999999999963,0.1458999499554969,0.3241234098006072,0.44999999999999885,0.15812595436061302,0,0
0.6254999999999958,0.1458999499554969,0.3241234098006072,0.44999999999999885,0.15812595436061302,0,0
0.6374999999999954,0.1458999499554969,0.3241234098006072,0.44999999999999885,0.15812595436061302,0,0
0.649499999999995,0.1458999499554969,0.3241234098006072,0.44999999999999885,0.15812595436061302,0,0
0.6614999999999945,0.1458999499554969,0.3241234098006072,0.44999999999999885,0.15812595436061302,0,0
0.6734999999999941,0.1458999499554969,0.3241234098006072,0.44999999999999885,0.15812595436061302,0,0
0.6854999999999937,0.1458999499554969,0.3241234098006072,0.44999999999999885,0.15812595436061302,0,0
0.6974999999999932,0.1458999499554969,0.3241234098006072,0.44999999999999885,0.15812595436061302,0,0
0.7094999999999928,0.1458999499554969,0.3241234098006072,0.44999999999999885,0.15812595436061302,0,0
0.7214999999999924,0.1458999499554969,0.3241234098006072,0.44999999999999885,0.15812595436061302,0,0
0.7334999999999919,0.1458999499554969,0.3241234098006072,0.44999999999999885,0.15812595436061302,0,0
0.7454999999999915,0.1458999499554969,0.3241234098006072,0.44999999999999885,0.15812595436061302,0,0
0.7574999999999911,0.1458999499554969,0.3241234098006072,0.44999999999999885,0.15812595436061302,0,0
0.7694999999999906,0.1458999499554969,0.3241234098006072,0.44999999999999885,0.15812595436061302,0,0
0.7814999999999902,0.1458999499554969,0.3241234098006072,0.44999999999999885,0.15812595436061302,0,0
0.7934999999999898,0.1458999499554969,0.3241234098006072,0.44999999999999885,0.15812595436061302,0,0
0.8054999999999893,0.1458999499554969,0.3241234098006072,0.44999999999999885,0.15812595436061302,0,0
0.8174999999999889,0.1458999499554969,0.3241234098006072,0.44999999999999885,0.15812595436061302,0,0
0.8294999999999885,0.1458999499554969,0.3241234098006072,0.44999999999999885,0.15812595436061302,0,0
0.841499999999988,0.1458999499554969,0.3241234098006072,0.44999999999999885,0.15812595436061302,0,0
0.8534999999999876,0.1458999499554969,0.3241234098006072,0.44999999999999885,0.15812595436061302,0,0
0.8654999999999872,0.1458999499554969,0.3241234098006072,0.44999999999999885,0.15812595436061302,0,0
0.8774999999999867,0.1458999499554969,0.3241234098006072,0.44999999999999885,0.15812595436061302,0,0
0.8894999999999863,0.1458999499554969,0.3241234098006072,0.44999999999999885,0.15812595436061302,0,0
0.9014999999999859,0.1458999499554969,0.3241234098006072,0.44999999999999885,0.15812595436061302,0,0
0.9134999999999854,0.1458999499554969,0.3241234098006072,0.44999999999999885,0.15812595436061302,0,0
0.925499999999985,0.1458999499554969,0.3241234098006072,0.44999999999999885,0.15812595436061302,0,0
0.9374999999999846,0.1458999499554969,0.3241234098006072,0.44999999999999885,0.15812595436061302,0,0
0.9494999999999841,0.1458999499554969,0.3241234098006072,0.44999999999999885,0.15812595436061302,0,0
0.9614999999999837,0.1458999499554969,0.3241234098006072,0.44999999999999885,0.15812595436061302,0,0
0.9734999999999833,0.1458999499554969,0.3241234098006072,0.44999999999999885,0.15812595436061302,0,0
0.9854999999999828,0.1458999499554969,0.3241234098006072,0.44999999999999885,0.15812595436061302,0,0
0.9974999999999824,0.1458999499554969,0.3241234098006072,0.44999999999999885,0.15812595436061302,0,0
1.0094999999999827,0.13830366396618549,0.30714329280569097,0.449952642947784,0.15817976667427353,1,0
1.0214999999999832,0.12916066065360712,0.2863514352700825,0.44989328241262094,0.15824695422440474,1,0
1.0334999999999837,0.1210217337305781,0.26748623397414967,0.44983785451903985,0.15830930361383727,1,0
1.045499999999984,0.11376874218292798,0.2503634397760712,0.44978597520427066,0.15836719729523752,1,0
1.0574999999999846,0.10729772837673959,0.23481654806112226,0.4497372999874081,0.15842098988884049,1,0
1.069499999999985,0.10151720247852483,0.2206950864196838,0.4496915197937125,0.15847100975789602,1,0
1.0814999999999855,0.09634663505975836,0.207863067668164,0.4496483572268801,0.1585175605686945,1,0
1.093499999999986,0.0917151325837719,0.1961975922435775,0.4496075632405173,0.15856092281995235,1,0
1.1054999999999864,0.08756027355053946,0.185587585545015,0.4495689141654089,0.15860135532976438,1,0
1.1174999999999868,0.08382708577793142,0.17593265718872522,0.4495322090539832,0.15863909667134496,1,0
1.1294999999999873,0.08046714767215846,0.16714207040241982,0.4494972673076136,0.1586743665511618,1,0
1.1414999999999877,0.07743779842539492,0.15913381092169804,0.44946392655616574,0.1587073671251049,1,0
1.1534999999999882,0.07470144391012848,0.15183374577891817,0.4494320407625595,0.15873828424988634,1,0
1.1654999999999887,0.07222494664849713,0.1451748633030335,0.4494014785281073,0.15876728866835801,1,0
1.177499999999989,0.0699790896478757,0.13909658648743578,0.4493721215770163,0.15879453712830366,1,0
1.1894999999999896,0.06793810513507317,0.13354415264039077,0.4493438634008178,0.15882017343530339,1,0
1.20149999999999,0.06607926031162387,0.1284680529170088,0.44931660804560114,0.15884432944083834,1,0
1.2134999999999905,0.06438249321016563,0.12382352594994989,0.44929026902672875,0.15886712596731736,1,0
1.225499999999991,0.06283009257294675,0.1195701003546039,0.4492647683574569,0.1588886736721766,1,0
1.2374999999999914,0.06140641641224401,0.11567118138907201,0.4492400356792867,0.15890907385340194,1,0
1.2494999999999918,0.06009764456137513,0.11209367750512823,0.449216007483231,0.1589284191990752,1,0
1.2614999999999923,0.05889156109496772,0.10880766293815106,0.4491926264123395,0.15894679448366336,1,0
1.2734999999999927,0.05777736299780978,0.10578607285606152,0.4491698406368346,0.158964277213804,1,0
1.2854999999999932,0.05674549190139469,0.10300442792340427,0.4491476032942213,0.15898093822643508,1,0
1.2974999999999937,0.055787486093580335,0.1004405854403479,0.44912587198745907,0.15899684224201666,1,0
1.3094999999999941,0.05489585034612417,0.09807451449069057,0.4491046083350716,0.15901204837559954,1,0
1.3214999999999946,0.05406394140294451,0.0958880927807774,0.4490837775677726,0.15902661060842652,1,0
1.333499999999995,0.05328586723380713,0.0938649230751046,0.44906334816664883,0.15904057822261367,1,0
1.3454999999999955,0.052556398388159745,0.09199016733665152,0.4490432915385935,0.15905399620146748,1,0
1.357499999999996,0.051870889985903605,0.09025039686269185,0.44902358172505963,0.15906690559773595,1,0
1.3694999999999964,0.051225213059402246,0.08863345687190911,0.4490041951406634,0.15907934387212014,1,0
1.3814999999999968,0.05061569411696435,0.08712834414776942,0.44898511033851063,0.15909134520419063,1,0
1.3934999999999973,0.050039061935036246,0.08572509647782417,0.448966307799474,0.1591029407776887,1,0
1.4054999999999978,0.04949240070668727,0.08441469275032905,0.4489477697429176,0.1591141590422083,1,0
1.4174999999999982,0.04897310877970672,0.08318896267951946,0.4489294799566482,0.1591250259529694,1,0
1.4294999999999987,0.048478862310520565,0.08204050523021483,0.4489114236441183,0.1591355651904457,1,0
1.4414999999999991,0.048007583241750515,0.080962614902172,0.448893587287055,0.15914579836137754,1,0
1.4534999999999996,0.04755741108293852,0.07994921511567207,0.44887595852196344,0.15915574518262504,1,0
1.4655,0.04712667803696073,0.07899479801307493,0.44885852602906073,0.15916542364928543,1,0
1.4775000000000005,0.046713887070007995,0.07809437005724293,0.4488412794323445,0.15917485018829386,1,0
1.489500000000001,0.04631769257164414,0.07724340286750903,0.4488242092096885,0.15918403979871204,1,0
1.5015000000000014,0.04593688329419149,0.0764377887878787,0.4488073066119019,0.15919300617980142,1,0
1.5135000000000018,0.04557036729824317,0.07567380073093277,0.44879056358986136,0.15920176184787163,1,0
1.5255000000000023,0.04521715866410174,0.07494805588498613,0.44877397272888153,0.15921031824287127,1,0
1.5375000000000028,0.0448763657579391,0.07425748291186902,0.4487575271895734,0.15921868582554502,1,0
1.5495000000000032,0.04454718086695787,0.07359929229867777,0.44874122065456945,0.1592268741660066,1,0
1.5615000000000037,0.04422887104022946,0.07297094955933907,0.4487250472804749,0.15923489202439847,1,0
1.5735000000000041,0.04392076999156366,0.0723701510111957,0.4487090016545431,0.15924274742437106,1,0
1.5855000000000046,0.043622270938069,0.07179480187834553,0.44869307875559666,0.1592504477199556,1,0
1.597500000000005,0.043332820263262135,0.07124299649743114,0.4486772739187481,0.1592579996564335,1,0
1.6095000000000055,0.04305191190695396,0.07071300042322949,0.4486615828035622,0.15926540942572892,1,0
1.621500000000006,0.04277908239588531,0.07020323425094721,0.44864600136529575,0.1592726827167562,1,0
1.6335000000000064,0.0425139064394153,0.06971225898979959,0.4486305258289136,0.15927982476122662,1,0
1.6455000000000068,0.04225599302364236,0.06923876283841723,0.4486151526656037,0.15928684037527727,1,0
1.6575000000000073,0.042004981945323046,0.06878154922704431,0.44859987857154127,0.1592937339973053,1,0
1.6695000000000078,0.04176054073397069,0.06833952600452471,0.44858470044867826,0.15930050972233914,1,0
1.6815000000000082,0.04152236191668741,0.06791169565984381,0.4485696153873515,0.15930717133326558,1,0
1.6935000000000087,0.041290160585712894,0.06749714647862791,0.44855462065054197,0.15931372232918048,1,0
1.7055000000000091,0.04106367223344292,0.06709504454461498,0.4485397136596091,0.15932016595114165,1,0
1.7175000000000096,0.04084265082387061,0.0667046265047876,0.4485248919813597,0.15932650520552938,1,0
1.72950000000001,0.040626867073096165,0.06632519302470345,0.44851015331632815,0.15933274288527613,1,0
1.7415000000000105,0.04041610691479863,0.06595610286764551,0.44849549548813317,0.15933888158909706,1,0
1.753500000000011,0.04021017012942075,0.06559676753761316,0.44848091643382043,0.15934492373897563,1,0
1.7655000000000114,0.04000886911833395,0.06524664643196057,0.4484664141950841,0.15935087159599076,1,0
1.7775000000000118,0.0398120278064624,0.06490524245471395,0.44845198691029087,0.15935672727469838,1,0
1.7895000000000123,0.03961948065879266,0.06457209804631994,0.4484376328072227,0.15936249275616335,1,0
1.8015000000000128,0.03943107179791064,0.06424679158984134,0.4484233501964774,0.15936816989978222,1,0
1.8135000000000132,0.03924665421121569,0.063928934157474,0.4484091374654401,0.15937376045399818,1,0
1.8255000000000137,0.03906608903779137,0.063618166564734,0.4483949930728097,0.15937926606601885,1,0
1.8375000000000141,0.03888924492608141,0.06331415670281647,0.44838091554358833,0.15938468829063418,1,0
1.8495000000000146,0.038715997454552724,0.06301659712246384,0.4483669034645211,0.1593900285981937,1,0
1.861500000000015,0.03854622860843188,0.0627252028452545,0.44835295547991516,0.15939528838185757,1,0
1.8735000000000155,0.03837982630640347,0.06243970938053673,0.4483390702878226,0.15940046896415208,1,0
1.885500000000016,0.03821668397186461,0.06215987092833525,0.44832524663655815,0.15940557160293253,1,0
1.8975000000000164,0.03805670014394945,0.06188545875044778,0.44831148332148146,0.15941059749675862,1,0
1.9095000000000169,0.037899778124086285,0.06161625969366001,0.448297779182078,0.15941554778980915,1,0
1.9215000000000173,0.03774582565433433,0.061352074850556756,0.44828413309925724,0.15942042357630443,1,0
1.9335000000000178,0.037594754624171695,0.061092718344801726,0.44827054399288013,0.15942522590452315,1,0
1.9455000000000182,0.037446480802783955,0.06083801622902017,0.44825701081947966,0.1594299557804532,1,0
1.9575000000000187,0.03730092359423319,0.06058780548456058,0.44824353257017435,0.15943461417110769,1,0
1.9695000000000191,0.03715800581318236,0.06034193311344362,0.4482301082687222,0.15943920200750672,1,0
1.9815000000000196,0.03701765347910779,0.06010025531373334,0.4482167369697544,0.15944372018741806,1,0
1.99350000000002,0.03687979562716117,0.05986263673041172,0.4482034177571187,0.15944816957781746,1,0
2.0055000000000205,0.036744364134044916,0.05962894977459614,0.4481901497423579,0.15945255101712968,1,0
2.017500000000021,0.036611293557445135,0.05939907400462471,0.4481769320633049,0.15945686531727435,1,0
2.0295000000000214,0.036480520987722115,0.0591728955631596,0.44816376388277157,0.15946111326550627,1,0
2.041500000000022,0.036351985910699665,0.05895030666501555,0.448150644387341,0.15946529562610326,1,0
2.0535000000000223,0.03622563008051935,0.058731205130928825,0.4481375727862309,0.15946941314189034,1,0
2.0655000000000228,0.036101397401633754,0.05851549396294197,0.4481245483102606,0.159473466535637,1,0
2.077500000000023,0.03597923381911168,0.05830308095749228,0.4481115702108567,0.15947745651131306,1,0
2.0895000000000237,0.03585908721651389,0.05809387835266383,0.4480986377591528,0.15948138375524767,1,0
2.101500000000024,0.03574090732067539,0.05788780250640649,0.44808575024513664,0.15948524893717606,1,0
2.1135000000000246,0.03562464561279703,0.057684773602827186,0.4480729069768533,0.15948905271120362,1,0
2.125500000000025,0.03551025524531087,0.0574847153839346,0.44806010727965884,0.15949279571667072,1,0
2.1375000000000255,0.03539769096403659,0.057287554904470545,0.4480473504955242,0.1594964785789567,1,0
2.149500000000026,0.035286909035195435,0.05709322230768541,0.4480346359823779,0.1595001019102128,1,0
2.1615000000000264,0.03517786717688896,0.0569016506201194,0.4480219631134902,0.15950366631002325,1,0
2.173500000000027,0.03507052449468917,0.056712775563635125,0.44800933127688997,0.15950717236601736,1,0
2.1855000000000273,0.03496484142102018,0.056526535383116125,0.44799673987482397,0.15951062065444493,1,0
2.1975000000000278,0.03486077965804141,0.05634287068839196,0.4479841883232353,0.15951401174066485,1,0
2.209500000000028,0.03475830212376996,0.056161724309092324,0.4479716760512818,0.1595173461796518,1,0
2.2215000000000287,0.034657372901203354,0.05598304116125145,0.4479592025008651,0.15952062451640656,1,0
2.233500000000029,0.03455795719022574,0.05580676812459702,0.44794676712620984,0.15952384728637195,1,0
2.2455000000000296,0.03446002126210029,0.05563285392955998,0.44793436939343756,0.1595270150157999,1,0
2.25750000000003,0.03436353241636713,0.055461249053127534,0.4479220087801767,0.1595301282220934,1,0
2.2695000000000305,0.03426845893998347,0.05529190562275269,0.44790968477519444,0.1595331874141355,1,0
2.281500000000031,0.03417477006855376,0.0551247773275978,0.44789739687803587,0.15953619309256836,1,0
2.2935000000000314,0.03408243594951398,0.05495981933646566,0.4478851445986932,0.15953914575008588,1,0
2.305500000000032,0.03399142760714114,0.05479698822182736,0.44787292745727886,0.15954204587167803,1,0
2.3175000000000323,0.03390171690927528,0.05463624188941225,0.44786074498371786,0.15954489393486734,1,0
2.3295000000000328,0.03381327653564362,0.05447753951287746,0.44784859671745875,0.15954769040994782,1,0
2.341500000000033,0.03372607994769098,0.05432084147311605,0.44783648220719086,0.15955043576017883,1,0
2.3535000000000337,0.0336401013598242,0.054166109301806244,0.44782440101057797,0.15955313044198838,1,0
2.365500000000034,0.033555315711987097,0.05401330562883957,0.44781235269399744,0.15955577490515413,1,0
2.3775000000000346,0.0334716986434887,0.05386239413330005,0.44780033683230097,0.15955836959298647,1,0
2.389500000000035,0.0333892264680118,0.05371333949769613,0.4477883530085713,0.15956091494247687,1,0
2.4015000000000355,0.033307876149736265,0.05356610736517478,0.44777640081390213,0.15956341138447294,1,0
2.413500000000036,0.03322762528051427,0.05342066429947282,0.44776447984717815,0.15956585934381182,1,0
2.4255000000000364,0.033148452058039755,0.0532769777473792,0.4477525897148631,0.1595682592394656,1,0
2.437500000000037,0.03307033526495911,0.053135016003507854,0.44774073003080217,0.1595706114846717,1,0
2.4495000000000373,0.03299325424887228,0.052994748177195856,0.4477289004160294,0.1595729164870632,1,0
2.4615000000000378,0.032917188903177415,0.05285614416135683,0.4477171004985775,0.15957517464879223,1,0
2.4735000000000382,0.032842119648716084,0.05271917460313763,0.44770532991330003,0.15957738636663676,1,0
2.4855000000000387,0.03276802741617731,0.05258381087624008,0.44769358830169736,0.1595795520321256,1,0
2.497500000000039,0.03269489362922276,0.05245002505477766,0.44768187531175047,0.15958167203162915,1,0
2.5095000000000396,0.03262270018829666,0.05231778988855501,0.44767019059776125,0.15958374674647968,1,0
2.52150000000004,0.03255142945508691,0.05218707877966059,0.4476585338201914,0.15958577655305628,1,0
2.5335000000000405,0.03248106423760525,0.05205786576027888,0.44764690464551343,0.15958776182288598,1,0
2.545500000000041,0.03241158777585792,0.05193012547163312,0.44763530274607244,0.15958970292273703,1,0
2.5575000000000414,0.03234298372807693,0.05180383314397798,0.44762372779993087,0.1595916002147039,1,0
2.569500000000042,0.032275236157486904,0.051678964577568,0.4476121794907443,0.15959345405629935,1,0
2.5815000000000423,0.03220832951958178,0.05155549612453501,0.44760065750762523,0.15959526480052977,1,0
2.5935000000000428,0.03214224864988807,0.05143340467161347,0.44758916154501494,0.15959703279598791,1,0
2.6055000000000432,0.03207697875219281,0.05131266762365568,0.44757769130255665,0.1595987583869185,1,0
2.6175000000000437,0.03201250538721416,0.05119326288788545,0.44756624648498144,0.15960044191329925,1,0
2.629500000000044,0.0319488144616959,0.05107516885884394,0.44755482680198955,0.1596020837109262,1,0
2.6415000000000446,0.03188589221790653,0.0509583644039817,0.44754343196813395,0.1596036841114706,1,0
2.653500000000045,0.031823725223524855,0.05084282884985854,0.44753206170271387,0.15960524344255508,1,0
2.6655000000000455,0.031762300361895375,0.05072854196891302,0.4475207157296689,0.15960676202782395,1,0
2.677500000000046,0.03170160482263775,0.050615483966768175,0.44750939377747456,0.1596082401870135,1,0
2.6895000000000464,0.03164162609259492,0.05050363547004174,0.44749809557904086,0.15960967823600525,1,0
2.701500000000047,0.031582351947105194,0.05039297751463215,0.44748682087161784,0.159611076486907,1,0
2.7135000000000473,0.03152377044158494,0.05028349153445234,0.4474755693966978,0.15961243524810237,1,0
2.7255000000000478,0.031465869903408765,0.0501751593505886,0.44746434089992654,0.15961375482431556,1,0
2.7375000000000482,0.031408638924074465,0.05006796316085894,0.4474531351310096,0.1596150355166729,1,0
2.7495000000000487,0.03135206635164176,0.0499618855297528,0.4474419518436275,0.15961627762275937,1,0
2.761500000000049,0.03129614128343271,0.04985690937872933,0.44743079079535797,0.1596174814366799,1,0
2.7735000000000496,0.031240853058983213,0.049753017976857196,0.44741965174757636,0.1596186472491051,1,0
2.78550000000005,0.03118619125323649,0.049650194931779516,0.4474085344653963,0.15961977534734126,1,0
2.7975000000000505,0.031132145669967123,0.04954842418098693,0.44739743871757565,0.15962086601537231,1,0
2.809500000000051,0.0310787063354283,0.04944768998338499,0.4473863642764486,0.15962191953391322,1,0
2.8215000000000514,0.031025863492211477,0.049347976911139804,0.44737531091785154,0.15962293618047296,1,0
2.833500000000052,0.030973607593311674,0.04924926984179321,0.4473642784210461,0.15962391622938477,1,0
2.8455000000000523,0.03092192929638962,0.04915155395063052,0.44735326656865587,0.1596248599518792,1,0
2.8575000000000528,0.03087081945822296,0.049054814703292954,0.4473422751465943,0.15962576761611735,1,0
2.8695000000000532,0.030820269129339883,0.04895903784862348,0.44733130394399745,0.15962663948723899,1,0
2.8815000000000537,0.03077026954882711,0.04886420941173434,0.44732035275316173,0.15962747582741887,1,0
2.893500000000054,0.030720812139306657,0.04877031568728929,0.4473094213694775,0.1596282768958993,1,0
2.9055000000000546,0.0306718885020745,0.048677343232990444,0.44729850959137407,0.15962904294905358,1,0
2.917500000000055,0.030623490412394573,0.04858527886326086,0.44728761722024946,0.15962977424040872,1,0
2.9295000000000555,0.03057560981494304,0.04849410964311683,0.4472767440604226,0.1596304710207037,1,0
2.941500000000056,0.030528238819396883,0.048403822882221274,0.4472658899190677,0.15963113353792982,1,0
2.9535000000000564,0.03048136969616129,0.04831440612911052,0.44725505460616577,0.15963176203736884,1,0
2.965500000000057,0.030434994872230982,0.048225847165589114,0.44724423793444346,0.15963235676163276,1,0
2.9775000000000573,0.030389106927180515,0.04813813400128709,0.44723343971932383,0.15963291795071055,1,0
2.9895000000000578,0.03034369858927896,0.04805125486837095,0.4472226597788768,0.15963344584200206,1,0
3.0015000000000582,0.030571501918760794,0.048396981412777484,0.4472132421808789,0.1596330302899819,0,0
3.0135000000000587,0.032652882048398224,0.05171422852884687,0.44721324218087943,0.1596262350167205,0,0
3.025500000000059,0.03463951110755074,0.054942557841530404,0.4472132421808797,0.15961945277942985,0,0
3.0375000000000596,0.03653732958797783,0.058085136298652,0.44721324218087977,0.15961268355310318,0,0
3.04950000000006,0.038351862005344566,0.061145005450618885,0.44721324218087966,0.15960592731277734,0,0
3.0615000000000605,0.04008824756141492,0.06412508667628901,0.44721324218087943,0.1595991840335416,0,0
3.073500000000061,0.041751268478960095,0.06702818618451505,0.44721324218088065,0.15959245369053257,0,0
3.0855000000000614,0.043345376189393804,0.06985699980117756,0.44721324218088077,0.15958573625893324,0,0
3.097500000000062,0.044874715539034805,0.07261411755109193,0.44721324218087943,0.15957903171397203,0,0
3.1095000000000623,0.04634314716690898,0.07530202804374854,0.44721324218087943,0.15957234003092832,0,0
3.121500000000063,0.04775426819503669,0.07792312267145882,0.44721324218088054,0.15956566118513305,0,0
3.1335000000000632,0.0491114313611325,0.0804796996280905,0.44721324218088065,0.15955899515195124,0,0
3.1455000000000637,0.050417762713496614,0.08297396775621929,0.4472132421808798,0.15955234190680873,0,0
3.157500000000064,0.05167617797853032,0.08540805023017861,0.44721324218088027,0.15954570142517194,0,0
3.1695000000000646,0.05288939770269697,0.08778398808215122,0.4472132421808794,0.15953907368255443,0,0
3.181500000000065,0.05405996126281853,0.09010374357813962,0.4472132421808796,0.15953245865451976,0,0
3.1935000000000655,0.05519023983129319,0.09236920345034365,0.44721324218087943,0.15952585631667396,0,0
3.205500000000066,0.05628244837608492,0.0945821819921884,0.44721324218087966,0.15951926664467464,0,0
3.2175000000000664,0.057338656769136756,0.09674442402196888,0.44721324218088004,0.15951268961422477,0,0
3.229500000000067,0.05836080007114297,0.09885760772081634,0.44721324218087966,0.15950612520106788,0,0
3.2415000000000673,0.05935068805535009,0.10092334735043694,0.44721324218088,0.15949957338100298,0,0
3.253500000000068,0.06031001402820513,0.10294319585583575,0.44721324218088004,0.15949303412987165,0,0
3.2655000000000682,0.06124036300019506,0.10491864735800831,0.44721324218087954,0.15948650742355955,0,0
3.2775000000000687,0.06214321925610277,0.10685113954136327,0.44721324218087927,0.1594799932380035,0,0
3.289500000000069,0.06301997337010211,0.1087420559404278,0.44721324218087954,0.15947349154918322,0,0
3.3015000000000696,0.06387192870761706,0.1105927281301924,0.44721324218087966,0.1594670023331237,0,0
3.31350000000007,0.0647003074526361,0.1124044378242543,0.4472132421808811,0.15946052556590104,0,0
3.3255000000000705,0.0655062561962036,0.1141784188847403,0.44721324218087977,0.1594540612236265,0,0
3.337500000000071,0.06629085111905936,0.11591585924781242,0.44721324218087966,0.15944760928247126,0,0
3.3495000000000714,0.06705510279887222,0.11761790276839504,0.4472132421808792,0.15944116971863978,0,0
3.361500000000072,0.06779996067017749,0.11928565098760209,0.44721324218087993,0.15943474250839157,0,0
3.3735000000000723,0.06852631716297827,0.12092016482618707,0.4472132421808803,0.15942832762802747,0,0
3.385500000000073,0.06923501154398555,0.12252246620720081,0.4472132421808799,0.15942192505389122,0,0
3.3975000000000732,0.06992683348264116,0.12409353961089327,0.44721324218087855,0.15941553476237577,0,0
3.4095000000000737,0.070602526362381,0.12563433356476933,0.4472132421808795,0.15940915672991945,0,0
3.421500000000074,0.07126279035603676,0.12714576207158013,0.447213242180881,0.15940279093300613,0,0
3.4335000000000746,0.0719082852828387,0.128628705977907,0.44721324218088,0.15939643734815623,0,0
3.445500000000075,0.07253963326315578,0.13008401428588276,0.44721324218087977,0.15939009595194928,0,0
3.4575000000000755,0.07315742118588639,0.13151250541048232,0.4472132421808793,0.15938376672100008,0,0
3.469500000000076,0.07376220300228324,0.13291496838470762,0.4472132421808799,0.15937744963197312,0,0
3.4815000000000764,0.07435450185895572,0.13429216401489208,0.44721324218087954,0.1593711446615728,0,0
3.493500000000077,0.07493481208182971,0.13564482598825464,0.4472132421808786,0.15936485178655163,0,0
3.5055000000000773,0.07550360102195772,0.13697366193473395,0.44721324218088004,0.15935857098370781,0,0
3.517500000000078,0.0760613107732536,0.13827935444505354,0.44721324218088,0.15935230222987973,0,0
3.5295000000000782,0.07660835977146818,0.13956256204687725,0.44721324218088,0.15934604550195344,0,0
3.5415000000000787,0.07714514428302392,0.14082392014083894,0.44721324218088,0.15933980077685764,0,0
3.553500000000079,0.07767203979168252,0.1420640418981473,0.44721324218087977,0.15933356803156687,0,0
3.5655000000000796,0.07818940229042215,0.1432835191213964,0.4472132421808799,0.15932734724310127,0,0
3.57750000000008,0.07869756948535143,0.14448292307014368,0.44721324218087866,0.15932113838852138,0,0
3.5895000000000805,0.07919686191798014,0.14566280525274364,0.44721324218088004,0.15931494144493547,0,0
3.601500000000081,0.0796875840116932,0.14682369818586646,0.4472132421808806,0.1593087563894901,0,0
3.6135000000000814,0.0801700250478462,0.1479661161230661,0.44721324218088,0.15930258319937882,0,0
3.625500000000082,0.08064446007649399,0.14909055575370544,0.44721324218087893,0.15929642185184129,0,0
3.6375000000000823,0.08111115076639797,0.15019749687348613,0.44721324218088,0.15929027232416182,0,0
3.649500000000083,0.08157034619861267,0.15128740302778157,0.44721324218087966,0.15928413459365928,0,0
3.6615000000000832,0.08202228360763596,0.15236072212891574,0.4472132421808796,0.1592780086377062,0,0
3.6735000000000837,0.08246718907381503,0.15341788704848436,0.44721324218087943,0.15927189443371356,0,0
3.685500000000084,0.08290527817043047,0.15445931618576395,0.44721324218088,0.15926579195913634,0,0
3.6975000000000846,0.08333675656862809,0.15548541401321525,0.4472132421808799,0.15925970119147295,0,0
3.709500000000085,0.08376182060313986,0.1564965716000361,0.4472132421808791,0.15925362210826485,0,0
3.7215000000000855,0.08418065780151832,0.15749316711468703,0.44721324218088016,0.15924755468709823,0,0
3.733500000000086,0.08459344737941338,0.1584755663072652,0.4472132421808791,0.15924149890559727,0,0
3.7455000000000864,0.08500036070423536,0.15944412297256874,0.4472132421808793,0.15923545474143538,0,0
3.757500000000087,0.08540156172937916,0.1603991793946575,0.44721324218088043,0.1592294221723258,0,0
3.7695000000000873,0.08579720740102882,0.16134106677368082,0.44721324218087966,0.15922340117602307,0,0
3.781500000000088,0.08618744803941397,0.16227010563570946,0.44721324218088004,0.15921739173032973,0,0
3.7935000000000882,0.08657242769625763,0.1631866062262784,0.4472132421808793,0.15921139381308236,0,0
3.8055000000000887,0.08695228449002972,0.16409086888831687,0.4472132421808792,0.1592054074021679,0,0
3.817500000000089,0.08732715092050428,0.16498318442511103,0.4472132421808799,0.15919943247551246,0,0
3.8295000000000896,0.08769715416401294,0.1658638344489226,0.4472132421808797,0.15919346901108405,0,0
3.84150000000009,0.0880624163506891,0.16673309171585254,0.44721324218087877,0.15918751698689307,0,0
3.8535000000000905,0.0884230548249017,0.16759122044752026,0.4472132421808789,0.15918157638099506,0,0
3.865500000000091,0.08877918238999907,0.16843847664010117,0.44721324218087966,0.1591756471714858,0,0
3.8775000000000914,0.08913090753839853,0.16927510836124404,0.4472132421808801,0.15916972933649862,0,0
3.889500000000092,0.08947833466798781,0.17010135603536625,0.4472132421808794,0.15916382285421488,0,0
3.9015000000000923,0.08982156428573627,0.1709174527178033,0.44721324218087916,0.15915792770285525,0,0
3.913500000000093,0.090160693199352,0.171723624358272,0.4472132421808791,0.15915204386068402,0,0
3.9255000000000932,0.09049581469775954,0.17252009005408486,0.4472132421808796,0.15914617130600445,0,0
3.9375000000000937,0.09082701872112377,0.17330706229353113,0.4472132421808799,0.15914031001716455,0,0
3.949500000000094,0.09115439202109218,0.17408474718983283,0.4472132421808786,0.15913445997254866,0,0
3.9615000000000946,0.09147801831188276,0.17485334470605454,0.4472132421808797,0.15912862115059007,0,0
3.973500000000095,0.09179797841280027,0.17561304887133802,0.4472132421808798,0.15912279352975583,0,0
3.9855000000000955,0.09211435038272672,0.1763640479888145,0.4472132421808788,0.15911697708855804,0,0
3.997500000000096,0.09242720964709122,0.1771065248355325,0.44721324218087977,0.15911117180555379,0,0
4.009500000000096,0.09273662911779236,0.17784065685472403,0.4472132421808791,0.15910537765933344,0,0
4.021500000000096,0.09304267930651303,0.17856661634072188,0.4472132421808783,0.15909959462853104,0,0
4.033500000000097,0.09334542843183934,0.17928457061682243,0.4472132421808808,0.15909382269183198,0,0
4.045500000000097,0.09364494252056567,0.17999468220637962,0.44721324218088027,0.1590880618279425,0,0
4.057500000000098,0.09394128550354419,0.18069710899740468,0.4472132421808787,0.15908231201562312,0,0
4.069500000000098,0.09423451930641191,0.18139200440093106,0.4472132421808789,0.15907657323367727,0,0
4.081500000000099,0.09452470393550698,0.1820795175033947,0.4472132421808791,0.15907084546094022,0,0
4.093500000000099,0.09481189755926549,0.18275979321327276,0.44721324218087866,0.15906512867629516,0,0
4.1055000000001,0.0950961565853695,0.18343297240220713,0.44721324218087943,0.1590594228586608,0,0
4.1175000000001,0.09537753573390167,0.18409919204083536,0.44721324218087943,0.15905372798699713,0,0
4.1295000000001005,0.09565608810674242,0.1847585853295401,0.447213242180879,0.15904804404030812,0,0
4.141500000000101,0.09593186525343227,0.18541128182431862,0.4472132421808792,0.15904237099763271,0,0
4.1535000000001014,0.09620491723370667,0.18605740755796915,0.4472132421808799,0.15903670883805746,0,0
4.165500000000102,0.09647529267689778,0.18669708515677536,0.4472132421808791,0.15903105754069682,0,0
4.177500000000102,0.09674303883838395,0.18733043395287322,0.4472132421808791,0.15902541708471837,0,0
4.189500000000103,0.09700820165325828,0.1879575700924652,0.4472132421808799,0.15901978744932418,0,0
4.201500000000103,0.0972708257873742,0.18857860664005194,0.44721324218087916,0.15901416861375367,0,0
4.213500000000104,0.09753095468591838,0.1891936536788333,0.4472132421808794,0.15900856055728924,0,0
4.225500000000104,0.09778863061964996,0.1898028184074328,0.4472132421808794,0.15900296325925461,0,0
4.237500000000105,0.0980438947289371,0.19040620523308763,0.4472132421808787,0.15899737669900688,0,0
4.249500000000105,0.0982967870657145,0.191003915861446,0.447213242180879,0.15899180085595108,0,0
4.2615000000001055,0.09854734663347627,0.1915960493831007,0.44721324218087954,0.15898623570952553,0,0
4.273500000000106,0.09879561142541222,0.19218270235698967,0.44721324218087816,0.15898068123920744,0,0
4.2855000000001064,0.09904161846078995,0.19276396889078398,0.4472132421808793,0.1589751374245217,0,0
4.297500000000107,0.09928540381967679,0.19333994071838054,0.44721324218087843,0.15896960424502096,0,0
4.309500000000107,0.09952700267609162,0.19391070727461443,0.44721324218087954,0.1589640816803073,0,0
4.321500000000108,0.0997664493296709,0.1944763557672937,0.44721324218087943,0.1589585697100145,0,0
4.333500000000108,0.10000377723592736,0.19503697124666536,0.44721324218087877,0.15895306831381828,0,0
4.345500000000109,0.10023901903517568,0.19559263667240903,0.4472132421808781,0.1589475774714351,0,0
4.357500000000109,0.10047220658019541,0.1961434329782536,0.4472132421808791,0.15894209716261812,0,0
4.36950000000011,0.10070337096269634,0.1966894391343104,0.4472132421808796,0.15893662736716113,0,0
4.38150000000011,0.10093254253864828,0.19723073220720594,0.44721324218087855,0.1589311680648908,0,0
4.3935000000001105,0.10115975095253382,0.19776738741810415,0.44721324218087877,0.1589257192356817,0,0
4.405500000000111,0.1013850251605783,0.19829947819869498,0.4472132421808782,0.15892028085943985,0,0
4.4175000000001114,0.1016083934530091,0.19882707624522777,0.4472132421808793,0.1589148529161154,0,0
4.429500000000112,0.10182988347539265,0.19935025157066433,0.44721324218087866,0.15890943538569138,0,0
4.441500000000112,0.10204952224909562,0.19986907255502206,0.44721324218087954,0.15890402824819505,0,0
4.453500000000113,0.10226733619091223,0.2003836059939774,0.4472132421808789,0.15889863148368388,0,0
4.465500000000113,0.10248335113190044,0.20089391714579405,0.4472132421808787,0.15889324507225916,0,0
4.477500000000114,0.10269759233546392,0.2014000697766374,0.4472132421808791,0.15888786899406507,0,0
4.489500000000114,0.10291008451471713,0.20190212620434067,0.4472132421808785,0.1588825032292724,0,0
4.501500000000115,0.1031208518491673,0.2024001473406767,0.44721324218087977,0.15887714775810022,0,0
4.513500000000115,0.10332991800074644,0.20289419273219242,0.447213242180879,0.15887180256079647,0,0
4.5255000000001155,0.10353730612922336,0.2033843205996595,0.447213242180878,0.15886646761765508,0,0
4.537500000000116,0.10374303890702535,0.20387058787619508,0.4472132421808801,0.15886114290900777,0,0
4.5495000000001165,0.10394713853349677,0.20435305024409775,0.4472132421808785,0.15885582841521467,0,0
4.561500000000117,0.10414962674861993,0.20483176217045043,0.4472132421808792,0.15885052411668457,0,0
4.573500000000117,0.10435052484622405,0.2053067769415335,0.447213242180879,0.15884522999385478,0,0
4.585500000000118,0.10454985368670477,0.2057781466960921,0.44721324218087855,0.15883994602720794,0,0
4.597500000000118,0.10474763370927617,0.20624592245750198,0.44721324218087943,0.15883467219726102,0,0
4.609500000000119,0.10494388494377674,0.2067101541648704,0.44721324218087827,0.1588294084845639,0,0
4.621500000000119,0.10513862702204885,0.20717089070311603,0.44721324218087843,0.15882415486970866,0,0
4.63350000000012,0.10533187918891017,0.20762817993205962,0.4472132421808791,0.15881891133332796,0,0
4.64550000000012,0.10552366031273588,0.20808206871456666,0.44721324218087943,0.15881367785608191,0,0
4.6575000000001205,0.1057139888956672,0.20853260294377315,0.44721324218087977,0.1588084544186761,0,0
4.669500000000121,0.10590288308346357,0.2089798275694289,0.44721324218087893,0.15880324100185023,0,0
4.6815000000001215,0.10609036067501262,0.2094237866233896,0.4472132421808791,0.1587980375863813,0,0
4.693500000000122,0.10627643913151369,0.2098645232442896,0.44721324218087827,0.15879284415307987,0,0
4.705500000000122,0.10646113558534737,0.21030207970142348,0.4472132421808788,0.15878766068280153,0,0
4.717500000000123,0.10664446684864494,0.21073649741786515,0.4472132421808788,0.1587824871564278,0,0
4.729500000000123,0.10682644942157025,0.21116781699285295,0.44721324218087877,0.15877732355488608,0,0
4.741500000000124,0.10700709950032505,0.21159607822346405,0.4472132421808784,0.15877216985913473,0,0
4.753500000000124,0.10718643298488964,0.2120213201256072,0.4472132421808789,0.1587670260501718,0,0
4.765500000000125,0.10736446548651034,0.21244358095435464,0.4472132421808782,0.15876189210902822,0,0
4.777500000000125,0.10754121233494197,0.2128628982236385,0.44721324218088016,0.1587567680167789,0,0
4.7895000000001255,0.10771668858545731,0.21327930872533263,0.44721324218087943,0.15875165375452496,0,0
4.801500000000126,0.1078909090256308,0.21369284854774406,0.44721324218087954,0.1587465493034097,0,0
4.8135000000001265,0.1080638881819076,0.21410355309353132,0.44721324218087866,0.15874145464461295,0,0
4.825500000000127,0.10823564032596351,0.214511457097072,0.44721324218087904,0.15873636975934652,0,0
4.837500000000127,0.10840617948086695,0.21491659464129753,0.44721324218087916,0.1587312946288652,0,0
4.849500000000128,0.10857551942704792,0.21531899917401479,0.4472132421808791,0.158726229234453,0,0
4.861500000000128,0.10874367370808367,0.21571870352373143,0.4472132421808783,0.15872117355742973,0,0
4.873500000000129,0.1089106556363059,0.2161157399150029,0.4472132421808791,0.15871612757916032,0,0
4.885500000000129,0.10907647829823776,0.2165101399833159,0.447213242180879,0.15871109128103347,0,0
4.89750000000013,0.10924115455986633,0.21690193478952546,0.44721324218087893,0.1587060646444804,0,0
4.90950000000013,0.10940469707175646,0.21729115483386152,0.44721324218087866,0.15870104765096363,0,0
4.9215000000001305,0.10956711827401265,0.21767783006951874,0.44721324218087954,0.15869604028199066,0,0
4.933500000000131,0.10972843040109394,0.21806198991584305,0.44721324218087877,0.15869104251909172,0,0
4.9455000000001315,0.1098886454864871,0.21844366327112993,0.44721324218087904,0.15868605434384236,0,0
4.957500000000132,0.11004777536724328,0.2188228785250468,0.44721324218087977,0.15868107573784884,0,0
4.969500000000132,0.1102058316883834,0.2191996635706923,0.4472132421808791,0.1586761066827519,0,0
4.981500000000133,0.11036282590717644,0.2195740458163053,0.447213242180879,0.15867114716023165,0,0
4.993500000000133,0.11051876929729543,0.21994605219663277,0.44721324218087904,0.1586661971519993,0,0
5.005500000000134,0.1106736729528559,0.22031570918397284,0.44721324218087843,0.15866125663980102,0,0
5.017500000000134,0.11082754779233903,0.22068304279889778,0.4472132421808786,0.1586563256054257,0,0
5.029500000000135,0.11098040456240593,0.22104807862067244,0.4472132421808782,0.15865140403068442,0,0
5.041500000000135,0.11113225384160562,0.22141084179737475,0.4472132421808793,0.15864649189743488,0,0
5.0535000000001356,0.11128310604397969,0.2217713570557309,0.4472132421808786,0.15864158918756116,0,0
5.065500000000136,0.11143297142256856,0.2221296487106729,0.4472132421808783,0.15863669588298887,0,0
5.0775000000001365,0.11158186007282138,0.22248574067462717,0.44721324218087954,0.15863181196567303,0,0
5.089500000000137,0.1117297819359139,0.22283965646654322,0.44721324218087855,0.1586269374176039,0,0
5.101500000000137,0.11187674680197647,0.22319141922067343,0.44721324218087893,0.15862207222081043,0,0
5.113500000000138,0.11202276431323575,0.22354105169510788,0.4472132421808787,0.1586172163573522,0,0
5.125500000000138,0.11216784396707248,0.22388857628007333,0.4472132421808783,0.15861236980932145,0,0
5.137500000000139,0.11231199511899823,0.22423401500600715,0.447213242180879,0.15860753255885307,0,0
5.149500000000139,0.11245522698555455,0.22457738955140805,0.4472132421808793,0.15860270458810724,0,0
5.16150000000014,0.11259754864713542,0.22491872125047502,0.4472132421808783,0.15859788587928034,0,0
5.17350000000014,0.11273896905073642,0.22525803110053969,0.44721324218087793,0.158593076414609,0,0
5.1855000000001406,0.11287949701263388,0.22559533976929766,0.447213242180879,0.15858827617635643,0,0
5.197500000000141,0.11301914122099388,0.22593066760184638,0.4472132421808785,0.15858348514682202,0,0
5.2095000000001415,0.11315791023841512,0.2262640346275356,0.4472132421808783,0.15857870330834223,0,0
5.221500000000142,0.11329581250440796,0.2265954605666359,0.44721324218087943,0.1585739306432841,0,0
5.233500000000142,0.11343285633780989,0.22692496483683072,0.4472132421808776,0.15856916713404784,0,0
5.245500000000143,0.11356904993914077,0.2272525665595377,0.44721324218087954,0.15856441276307198,0,0
5.257500000000143,0.11370440139289946,0.22757828456606494,0.44721324218087843,0.15855966751282288,0,0
5.269500000000144,0.11383891866980356,0.22790213740360618,0.44721324218087877,0.1585549313658063,0,0
5.281500000000144,0.11397260962897371,0.22822414334108115,0.44721324218087916,0.1585502043045553,0,0
5.293500000000145,0.11410548202006401,0.22854432037482475,0.4472132421808793,0.15854548631164297,0,0
5.305500000000145,0.11423754348534147,0.22886268623413064,0.44721324218087855,0.1585407773696714,0,0
5.3175000000001456,0.1143688015617138,0.22917925838665237,0.447213242180879,0.1585360774612776,0,0
5.329500000000146,0.11449926368270938,0.22949405404366813,0.4472132421808782,0.1585313865691301,0,0
5.3415000000001465,0.11462893718040934,0.2298070901652105,0.44721324218087866,0.15852670467593566,0,0
5.353500000000147,0.11475782928733298,0.23011838346506933,0.4472132421808793,0.15852203176442914,0,0
5.365500000000147,0.11488594713827978,0.23042795041566638,0.44721324218087866,0.1585173678173776,0,0
5.377500000000148,0.11501329777212663,0.23073580725281048,0.44721324218087816,0.15851271281758644,0,0
5.389500000000148,0.11513988813358363,0.23104196998033416,0.44721324218087966,0.15850806674789297,0,0
5.401500000000149,0.11526572507490879,0.23134645437461399,0.447213242180879,0.1585034295911598,0,0
5.413500000000149,0.11539081535758258,0.23164927598898233,0.4472132421808791,0.15849880133029648,0,0
5.42550000000015,0.11551516565394436,0.23195045015802837,0.44721324218087855,0.1584941819482294,0,0
5.43750000000015,0.1156387825487909,0.23224999200179647,0.44721324218087893,0.15848957142793346,0,0
5.449500000000151,0.11576167254093822,0.23254791642988135,0.4472132421808778,0.15848496975240184,0,0
5.461500000000151,0.11588384204474822,0.23284423814542468,0.4472132421808792,0.15848037690467023,0,0
5.4735000000001515,0.11600529739162041,0.2331389716490165,0.4472132421808791,0.15847579286780059,0,0
5.485500000000152,0.11612604483145089,0.23343213124250164,0.4472132421808789,0.15847121762489447,0,0
5.497500000000152,0.1162460905340572,0.23372373103269722,0.4472132421808789,0.15846665115907602,0,0
5.509500000000153,0.11636544059057306,0.23401378493502115,0.44721324218087904,0.1584620934535133,0,0
5.521500000000153,0.11648410101481108,0.23430230667703555,0.4472132421808781,0.1584575444913983,0,0
5.533500000000154,0.11660207774459559,0.2345893098019059,0.4472132421808783,0.15845300425595701,0,0
5.545500000000154,0.11671937664306685,0.23487480767178165,0.44721324218087743,0.15844847273044638,0,0
5.557500000000155,0.11683600349995575,0.23515881347109613,0.44721324218087893,0.15844394989816463,0,0
5.569500000000155,0.11695196403283185,0.23544134020979118,0.4472132421808783,0.15843943574242736,0,0
5.581500000000156,0.11706726388832361,0.23572240072646689,0.4472132421808778,0.1584349302465919,0,0
5.593500000000156,0.11718190864331281,0.23600200769145957,0.4472132421808791,0.15843043339404617,0,0
5.6055000000001565,0.1172959038061032,0.2362801736098499,0.44721324218087805,0.15842594516820746,0,0
5.617500000000157,0.11740925481756452,0.23655691082440197,0.4472132421808792,0.15842146555252712,0,0
5.629500000000157,0.1175219670522516,0.2368322315184366,0.4472132421808782,0.1584169945304884,0,0
5.641500000000158,0.11763404581950067,0.23710614771864008,0.4472132421808794,0.15841253208560496,0,0
5.653500000000158,0.11774549636450189,0.23737867129780849,0.44721324218087966,0.158408078201423,0,0
5.665500000000159,0.11785632386935004,0.23764981397753304,0.4472132421808782,0.1584036328615153,0,0
5.677500000000159,0.11796653345407275,0.23791958733082527,0.44721324218087843,0.1583991960494958,0,0
5.68950000000016,0.11807613017763778,0.23818800278468302,0.44721324218087843,0.15839476774900474,0,0
5.70150000000016,0.11818511903893991,0.2384550716226016,0.4472132421808801,0.15839034794371223,0,0
5.713500000000161,0.11829350497776639,0.23872080498702908,0.4472132421808782,0.1583859366173178,0,0
5.725500000000161,0.118401292875744,0.2389852138817691,0.44721324218087743,0.1583815337535602,0,0
5.7375000000001615,0.11850848755726597,0.23924830917433035,0.44721324218087743,0.15837713933620365,0,0
5.749500000000162,0.11861509379040022,0.23951010159822578,0.44721324218087855,0.15837275334904588,0,0
5.761500000000162,0.11872111628777966,0.23977060175522386,0.447213242180879,0.1583683757759132,0,0
5.773500000000163,0.11882655970747442,0.2400298201175499,0.4472132421808794,0.1583640066006639,0,0
5.785500000000163,0.11893142865384627,0.24028776703004034,0.44721324218087816,0.15835964580718592,0,0
5.797500000000164,0.1190357276783867,0.24054445271225408,0.44721324218087877,0.15835529337940243,0,0
5.809500000000164,0.11913946128053808,0.24079988726053625,0.44721324218087805,0.15835094930126487,0,0
5.821500000000165,0.1192426339084986,0.24105408065004016,0.4472132421808779,0.1583466135567538,0,0
5.833500000000165,0.11934524996001106,0.24130704273670733,0.44721324218087805,0.15834228612988382,0,0
5.845500000000166,0.11944731378313704,0.24155878325920527,0.4472132421808775,0.15833796700469677,0,0
5.857500000000166,0.11954882967701537,0.2418093118408258,0.44721324218087793,0.15833365616526857,0,0
5.8695000000001665,0.1196498018926061,0.24205863799134458,0.44721324218087877,0.15832935359570152,0,0
5.881500000000167,0.11975023463342004,0.24230677110884136,0.4472132421808791,0.15832505928013352,0,0
5.893500000000167,0.11985013205623431,0.24255372048148463,0.44721324218087855,0.15832077320272742,0,0
5.905500000000168,0.11994949827179445,0.2427994952892782,0.44721324218087866,0.15831649534768286,0,0
5.917500000000168,0.12004833734550209,0.24304410460577408,0.4472132421808781,0.15831222569922132,0,0
5.929500000000169,0.12014665329809159,0.24328755739974955,0.4472132421808782,0.15830796424160254,0,0
5.941500000000169,0.12024445010629177,0.2435298625368518,0.4472132421808779,0.1583037109591141,0,0
5.95350000000017,0.12034173170347624,0.24377102878120815,0.4472132421808781,0.15829946583607057,0,0
5.96550000000017,0.12043850198030148,0.2440110647970062,0.44721324218087843,0.15829522885682215,0,0
5.977500000000171,0.12053476478533313,0.24424997915004057,0.44721324218087827,0.1582910000057412,0,0
5.989500000000171,0.12063052392566008,0.24448778030923085,0.44721324218087755,0.15828677926723708,0,0
6.0015000000001715,0.12072578316749749,0.24472447664810912,0.44721324218087793,0.15828256662574852,0,0
6.013500000000172,0.12082054623677911,0.24496007644627835,0.44721324218087827,0.1582783620657407,0,0
6.025500000000172,0.12091481681973763,0.24519458789084178,0.44721324218087877,0.15827416557170967,0,0
6.037500000000173,0.12100859856347608,0.24542801907780626,0.447213242180879,0.15826997712818267,0,0
6.049500000000173,0.12110189507652686,0.24566037801345716,0.4472132421808777,0.15826579671971414,0,0
6.061500000000174,0.12119470992940237,0.24589167261570694,0.4472132421808783,0.15826162433089286,0,0
6.073500000000174,0.1212870466551345,0.24612191071541809,0.44721324218087893,0.15825745994633184,0,0
6.085500000000175,0.121378908749805,0.246351100057702,0.44721324218087777,0.15825330355067305,0,0
6.097500000000175,0.12147029967306597,0.2465792483031911,0.4472132421808778,0.158249155128597,0,0
6.109500000000176,0.12156122284865149,0.24680636302928838,0.44721324218087877,0.15824501466480426,0,0
6.121500000000176,0.1216516816648797,0.24703245173139338,0.4472132421808788,0.15824088214402504,0,0
6.1335000000001765,0.12174167947514652,0.2472575218241045,0.4472132421808792,0.15823675755102695,0,0
6.145500000000177,0.12183121959840978,0.24748158064239945,0.44721324218087866,0.15823264087059577,0,0
6.157500000000177,0.12192030531966577,0.24770463544279359,0.44721324218087877,0.1582285320875562,0,0
6.169500000000178,0.12200893989041714,0.2479266934044766,0.4472132421808781,0.15822443118675708,0,0
6.181500000000178,0.12209712652913192,0.24814776163042862,0.44721324218087855,0.15822033815307526,0,0
6.193500000000179,0.12218486842169593,0.24836784714851645,0.44721324218087816,0.15821625297142056,0,0
6.205500000000179,0.12227216872185585,0.24858695691256757,0.447213242180879,0.15821217562672907,0,0
6.21750000000018,0.12235903055165588,0.2488050978034274,0.4472132421808782,0.15820810610396652,0,0
6.22950000000018,0.1224454570018663,0.24902227662999535,0.44721324218087893,0.1582040443881279,0,0
6.241500000000181,0.12253145113240457,0.2492385001302429,0.4472132421808779,0.15819999046423494,0,0
6.253500000000181,0.12261701597274972,0.24945377497221313,0.44721324218087866,0.15819594431734307,0,0
6.2655000000001815,0.12270215452234912,0.24966810775500317,0.447213242180878,0.1581919059325292,0,0
6.277500000000182,0.1227868697510189,0.2498815050097285,0.4472132421808782,0.1581878752949045,0,0
6.289500000000182,0.12287116459933731,0.25009397320046933,0.4472132421808779,0.1581838523896059,0,0
6.301500000000183,0.12295504197903136,0.2503055187252013,0.4472132421808791,0.15817983720180273,0,0
6.313500000000183,0.12303850477335739,0.2505161479167098,0.44721324218087843,0.158175829716685,0,0
6.325500000000184,0.12312155583747496,0.2507258670434882,0.44721324218087716,0.15817182991947792,0,0
6.337500000000184,0.12320419799881446,0.2509346823106193,0.4472132421808787,0.15816783779543725,0,0
6.349500000000185,0.1232864340574389,0.2511425998606423,0.44721324218087843,0.1581638533298362,0,0
6.361500000000185,0.12336826678639956,0.2513496257744055,0.4472132421808789,0.15815987650798877,0,0
6.373500000000186,0.12344969893208572,0.25155576607190255,0.44721324218087877,0.15815590731522608,0,0
6.385500000000186,0.12353073321456888,0.2517610267130954,0.4472132421808779,0.15815194573691538,0,0
6.3975000000001865,0.12361137232794124,0.251965413598723,0.44721324218087866,0.1581479917584501,0,0
6.409500000000187,0.12369161894064863,0.2521689325710958,0.44721324218087743,0.15814404536524843,0,0
6.421500000000187,0.12377147569581766,0.2523715894148767,0.4472132421808779,0.1581401065427596,0,0
6.433500000000188,0.12385094521157873,0.2525733898578502,0.4472132421808792,0.1581361752764622,0,0
6.445500000000188,0.12393003008138251,0.25277433957167633,0.4472132421808788,0.1581322515518579,0,0
6.457500000000189,0.124008732874312,0.25297444417263304,0.4472132421808777,0.15812833535447973,0,0
6.469500000000189,0.12408705613538971,0.2531737092223466,0.44721324218087777,0.1581244266698872,0,0
6.48150000000019,0.12416500238587952,0.2533721402285081,0.44721324218087793,0.15812052548366845,0,0
6.49350000000019,0.12424257412358411,0.2535697426455808,0.4472132421808776,0.15811663178143837,0,0
6.505500000000191,0.12431977382313737,0.2537665218754926,0.44721324218087793,0.15811274554883964,0,0
6.517500000000191,0.12439660393629262,0.2539624832683194,0.44721324218087877,0.15810886677154468,0,0
6.5295000000001915,0.1244730668922057,0.25415763212295583,0.4472132421808783,0.15810499543524767,0,0
6.541500000000192,0.12454916509771417,0.254351973687776,0.447213242180879,0.15810113152567465,0,0
6.553500000000192,0.12462490093761189,0.2545455131612829,0.44721324218087727,0.158097275028579,0,0
6.565500000000193,0.12470027677491928,0.2547382556927468,0.4472132421808779,0.15809342592974443,0,0
6.577500000000193,0.12477529495114963,0.25493020638283465,0.44721324218087805,0.1580895842149727,0,0
6.589500000000194,0.12484995778657099,0.2551213702842276,0.44721324218087766,0.15808574987009982,0,0
6.601500000000194,0.12492426758046407,0.2553117524022296,0.44721324218087843,0.15808192288098868,0,0
6.613500000000195,0.12499822661137651,0.2555013576953663,0.4472132421808781,0.158078103233529,0,0
6.625500000000195,0.125071837137373,0.2556901910759739,0.4472132421808779,0.15807429091363157,0,0
6.637500000000196,0.1251451013962813,0.25587825741077924,0.4472132421808783,0.15807048590724546,0,0
6.649500000000196,0.1252180216059351,0.2560655615214695,0.44721324218087755,0.1580666882003372,0,0
6.6615000000001965,0.12529059996441286,0.2562521081852534,0.44721324218087777,0.1580628977789034,0,0
6.673500000000197,0.1253628386502731,0.25643790213541573,0.44721324218087877,0.1580591146289704,0,0
6.685500000000197,0.12543473982278588,0.25662294806185887,0.4472132421808776,0.15805533873658456,0,0
6.697500000000198,0.12550630562216136,0.2568072506116393,0.4472132421808778,0.15805157008782728,0,0
6.709500000000198,0.12557753816977452,0.25699081438949445,0.44721324218087855,0.15804780866879978,0,0
6.721500000000199,0.12564843956838684,0.25717364395836156,0.447213242180878,0.1580440544656313,0,0
6.733500000000199,0.12571901190236395,0.25735574383988824,0.44721324218087766,0.15804030746448247,0,0
6.7455000000002,0.12578925723789128,0.25753711851493544,0.4472132421808773,0.15803656765153515,0,0
6.7575000000002,0.1258591776231854,0.2577177724240723,0.44721324218087766,0.1580328350130026,0,0
6.769500000000201,0.12592877508870265,0.2578977099680644,0.4472132421808777,0.15802910953511634,0,0
6.781500000000201,0.12599805164734498,0.25807693550835276,0.4472132421808778,0.15802539120414166,0,0
6.7935000000002015,0.12606700929466244,0.25825545336752775,0.44721324218087755,0.15802168000636993,0,0
6.805500000000202,0.12613565000905272,0.25843326782979353,0.4472132421808772,0.15801797592811395,0,0
6.817500000000202,0.12620397575195794,0.25861038314142726,0.44721324218087743,0.15801427895571826,0,0
6.829500000000203,0.12627198846805845,0.2587868035112304,0.44721324218087777,0.15801058907555057,0,0
6.841500000000203,0.12633969008546403,0.2589625331109734,0.44721324218087816,0.1580069062740051,0,0
6.853500000000204,0.12640708251590202,0.25913757607583454,0.44721324218087893,0.15800323053750048,0,0
6.865500000000204,0.1264741676549033,0.2593119365048303,0.447213242180878,0.157999561852484,0,0
6.877500000000205,0.12654094738198451,0.25948561846124163,0.44721324218087827,0.1579959002054287,0,0
6.889500000000205,0.12660742356082927,0.2596586259730316,0.4472132421808783,0.15799224558283476,0,0
6.901500000000206,0.1266735980394653,0.2598309630332594,0.44721324218087777,0.1579885979712219,0,0
6.913500000000206,0.12673947265043992,0.26000263360048576,0.4472132421808782,0.157984957357147,0,0
6.9255000000002065,0.12680504921099278,0.2601736415991739,0.447213242180878,0.15798132372717988,0,0
6.937500000000207,0.12687032952322622,0.2603439909200848,0.4472132421808772,0.1579776970679244,0,0
6.949500000000207,0.12693531537427302,0.26051368542066455,0.44721324218087843,0.15797407736601068,0,0
6.961500000000208,0.12700000853646226,0.26068272892542965,0.447213242180877,0.1579704646080868,0,0
6.973500000000208,0.12706441076748268,0.26085112522634296,0.44721324218087843,0.15796685878083747,0,0
6.985500000000209,0.1271285238105427,0.2610188780831865,0.4472132421808786,0.15796325987096232,0,0
6.997500000000209,0.12719234939453064,0.26118599122392855,0.4472132421808788,0.1579596678651925,0,0
7.00950000000021,0.12725588923417008,0.2613524683450856,0.44721324218087727,0.1579560827502829,0,0
7.02150000000021,0.12731914503017486,0.26151831311207735,0.44721324218087855,0.15795250451301548,0,0
7.033500000000211,0.12738211846940112,0.2616835291595792,0.44721324218087777,0.15794893314019456,0,0
7.045500000000211,0.12744481122499746,0.26184812009186814,0.44721324218087766,0.15794536861865202,0,0
7.0575000000002115,0.12750722495655317,0.2620120894831642,0.44721324218087855,0.1579418109352452,0,0
7.069500000000212,0.12756936131024424,0.26217544087796624,0.4472132421808772,0.15793826007685552,0,0
7.081500000000212,0.1276312219189774,0.26233817779138546,0.44721324218087743,0.1579347160303901,0,0
7.093500000000213,0.12769280840253236,0.26250030370947064,0.44721324218087777,0.15793117878278065,0,0
7.105500000000213,0.12775412236770203,0.2626618220895318,0.4472132421808769,0.1579276483209842,0,0
7.117500000000214,0.12781516540843071,0.2628227363604574,0.4472132421808775,0.1579241246319854,0,0
7.129500000000214,0.12787593910595094,0.26298304992302873,0.4472132421808781,0.15792060770278712,0,0
7.141500000000215,0.12793644502891743,0.2631427661502285,0.44721324218087855,0.15791709752042452,0,0
7.153500000000215,0.12799668473354067,0.263301888387546,0.44721324218087866,0.15791359407195116,0,0
7.165500000000216,0.12805665976371733,0.26346041995327746,0.447213242180878,0.15791009734445263,0,0
7.177500000000216,0.1281163716511602,0.26361836413882345,0.4472132421808771,0.15790660732503478,0,0
7.1895000000002165,0.1281758219155253,0.2637757242089801,0.4472132421808791,0.1579031240008284,0,0
7.201500000000217,0.128235012064538,0.2639325034022289,0.44721324218087727,0.15789964735898804,0,0
7.213500000000217,0.1282939435941171,0.2640887049310197,0.4472132421808773,0.1578961773866949,0,0
7.225500000000218,0.12835261798849787,0.2642443319820531,0.44721324218087755,0.15789271407115615,0,0
7.237500000000218,0.12841103672035248,0.26439938771655574,0.44721324218087766,0.15788925739960138,0,0
7.249500000000219,0.12846920125090974,0.2645538752705543,0.44721324218087743,0.15788580735928237,0,0
7.261500000000219,0.12852711303007316,0.2647077977551443,0.44721324218087666,0.15788236393747856,0,0
7.27350000000022,0.128584773496537,0.2648611582567569,0.44721324218087855,0.15787892712149662,0,0
7.28550000000022,0.12864218407790098,0.2650139598374195,0.44721324218087843,0.15787549689865912,0,0
7.297500000000221,0.12869934619078394,0.2651662055350161,0.44721324218087877,0.15787207325631947,0,0
7.309500000000221,0.1287562612409356,0.2653178983635408,0.44721324218087766,0.15786865618185256,0,0
7.3215000000002215,0.12881293062334676,0.2654690413133515,0.4472132421808771,0.15786524566266213,0,0
7.333500000000222,0.12886935572235889,0.26561963735141675,0.4472132421808773,0.1578618416861711,0,0
7.345500000000222,0.1289255379117712,0.26576968942156165,0.4472132421808783,0.1578584442398301,0,0
7.357500000000223,0.12898147855494704,0.2659192004447107,0.44721324218087766,0.15785505331110603,0,0
7.369500000000223,0.129037179004919,0.2660681733191246,0.4472132421808772,0.1578516688874971,0,0
7.381500000000224,0.12909264060449216,0.2662166109206371,0.4472132421808781,0.15784829095652864,0,0
7.393500000000224,0.12914786468634668,0.26636451610288836,0.44721324218087805,0.1578449195057417,0,0
7.405500000000225,0.12920285257313852,0.26651189169755224,0.4472132421808773,0.15784155452270496,0,0
7.417500000000225,0.1292576055775991,0.2666587405145648,0.44721324218087743,0.15783819599501048,0,0
7.429500000000226,0.12931212500263417,0.26680506534234744,0.44721324218087877,0.15783484391027858,0,0
7.441500000000226,0.1293664121414206,0.2669508689480268,0.44721324218087677,0.15783149825614132,0,0
7.4535000000002265,0.12942046827750237,0.26709615407765347,0.44721324218087866,0.15782815902027078,0,0
7.465500000000227,0.12947429468488567,0.2672409234564171,0.44721324218087755,0.1578248261903472,0,0
7.477500000000227,0.12952789262813214,0.2673851797888574,0.4472132421808783,0.1578214997540859,0,0
7.489500000000228,0.1295812633624518,0.2675289257590751,0.44721324218087777,0.15781817969921905,0,0
7.501500000000228,0.12963440813379382,0.26767216403093813,0.44721324218087716,0.15781486601350397,0,0
7.513500000000229,0.12968732817893736,0.26781489724828667,0.447213242180878,0.15781155868472704,0,0
7.525500000000229,0.12974002472557997,0.2679571280351336,0.44721324218087705,0.15780825770068668,0,0
7.53750000000023,0.12979249899242618,0.26809885899586444,0.447213242180878,0.15780496304921854,0,0
7.54950000000023,0.129844752189274,0.26824009271543364,0.44721324218087727,0.15780167471816658,0,0
7.561500000000231,0.12989678551710113,0.2683808317595586,0.44721324218087777,0.15779839269541107,0,0
7.573500000000231,0.12994860016814938,0.268521078674912,0.447213242180877,0.1577951169688477,0,0
7.5855000000002315,0.1300001973260088,0.26866083598931,0.447213242180878,0.15779184752639985,0,0
7.597500000000232,0.13005157816570034,0.2688001062118997,0.447213242180879,0.15778858435601253,0,0
7.609500000000232,0.1301027438537573,0.26893889183334435,0.4472132421808774,0.1577853274456465,0,0
7.621500000000233,0.1301536955483068,0.2690771953260039,0.44721324218087827,0.15778207678330286,0,0
7.633500000000233,0.130204434399149,0.269215019144117,0.447213242180877,0.15777883235698806,0,0
7.645500000000234,0.13025496154783625,0.2693523657239771,0.44721324218087677,0.15777559415474388,0,0
7.657500000000234,0.13030527812775078,0.2694892374841096,0.447213242180877,0.1577723621646271,0,0
7.669500000000235,0.1303553852641821,0.2696256368254436,0.44721324218087727,0.15776913637472073,0,0
7.681500000000235,0.13040528407440277,0.2697615661314848,0.44721324218087827,0.15776591677313362,0,0
7.693500000000236,0.13045497566774325,0.26989702776848334,0.447213242180878,0.15776270334798795,0,0
7.705500000000236,0.13050446114566708,0.2700320240856023,0.4472132421808767,0.15775949608743883,0,0
7.7175000000002365,0.13055374160184335,0.27016655741508144,0.44721324218087755,0.1577562949796608,0,0
7.729500000000237,0.1306028181222198,0.2703006300724012,0.447213242180877,0.15775310001284945,0,0
7.741500000000237,0.13065169178509436,0.27043424435644337,0.4472132421808774,0.1577499111752249,0,0
7.753500000000238,0.13070036366118623,0.27056740254965056,0.44721324218087666,0.1577467284550272,0,0
7.765500000000238,0.13074883481370522,0.27070010691818325,0.4472132421808771,0.15774355184052027,0,0
7.777500000000239,0.13079710629842187,0.2708323597120752,0.44721324218087855,0.1577403813199966,0,0
7.789500000000239,0.1308451791637352,0.27096416316538696,0.4472132421808769,0.15773721688175682,0,0
7.80150000000024,0.13089305445074048,0.2710955194963578,0.447213242180877,0.15773405851413905,0,0
7.81350000000024,0.1309407331932962,0.2712264309075549,0.4472132421808779,0.15773090620549504,0,0
7.825500000000241,0.1309882164180901,0.27135689958602194,0.44721324218087816,0.15772775994420424,0,0
7.837500000000241,0.13103550514470425,0.27148692770342536,0.44721324218087777,0.1577246197186606,0,0
7.8495000000002415,0.13108260038567993,0.2716165174161985,0.44721324218087777,0.15772148551728862,0,0
7.861500000000242,0.13112950314658103,0.27174567086568535,0.44721324218087755,0.15771835732853257,0,0
7.873500000000242,0.13117621442605756,0.27187439017828047,0.4472132421808773,0.15771523514085398,0,0
7.885500000000243,0.13122273521590783,0.2720026774655699,0.4472132421808773,0.15771211894274365,0,0
7.897500000000243,0.13126906650113995,0.27213053482446814,0.4472132421808779,0.15770900872271076,0,0
7.909500000000244,0.131315209260033,0.2722579643373544,0.4472132421808773,0.15770590446928487,0,0
7.921500000000244,0.13136116446419713,0.27238496807220774,0.4472132421808784,0.1577028061710249,0,0
7.933500000000245,0.1314069330786333,0.2725115480827397,0.4472132421808767,0.15769971381649778,0,0
7.945500000000245,0.13145251606179215,0.2726377064085264,0.4472132421808763,0.15769662739431023,0,0
7.957500000000246,0.13149791436563224,0.2727634450751383,0.447213242180877,0.1576935468930775,0,0
7.969500000000246,0.13154312893567752,0.27288876609426843,0.44721324218087766,0.1576904723014416,0,0
7.9815000000002465,0.13158816071107454,0.2730136714638601,0.4472132421808772,0.15768740360806452,0,0
7.993500000000247,0.1316330106246484,0.27313816316823153,0.4472132421808761,0.1576843408016296,0,0
