time,Iplus_norm_offset_0.000,Iplus_norm_offset_0.060,Iplus_norm_offset_0.140,Iplus_norm_offset_0.280,P
0.0,1.0,1.0,1.0,1.0,0.4499999999999989
0.002,0.988060342114476,0.9928761370904213,0.9986794064234363,0.9998117265336918,0.4498459251056918
0.004,0.9762633960337744,0.9858031027106056,0.9973605688545771,0.9996234897516038,0.44969302136257416
0.006000000000000002,0.9646074559555112,0.9787805341992977,0.9960434849582704,0.9994352896465749,0.44954127747997075
0.008000000000000004,0.9530908364663778,0.9718080714828291,0.9947281524024687,0.9992471262114462,0.449390682283559
0.010000000000000005,0.9417118722984349,0.9648853570566545,0.9934145688582275,0.9990589994390596,0.4492412247141141
0.012000000000000007,0.9304689180883208,0.9580120359670211,0.9921027319996968,0.9988709093222583,0.44909289382629675
0.014000000000000009,0.9193603481393346,0.9511877557927707,0.9907926395041218,0.998682855853887,0.4489456787874303
0.01600000000000001,0.9083845561863648,0.9444121666272643,0.9894842890518348,0.9984948390267924,0.44879956887630046
0.018000000000000013,0.8975399551636303,0.937684921060449,0.988177678326254,0.9983068588338223,0.4486545534819739
0.020000000000000014,0.8868249769751929,0.931005674161037,0.9868728050138782,0.9981189152678253,0.44851062210260817
0.022000000000000016,0.8762380722682146,0.9243740834588259,0.9855696668042814,0.9979310083216517,0.44836776434431025
0.024000000000000018,0.865777710208928,0.917789808927134,0.9842682613901119,0.9977431379881533,0.44822596991997293
0.02600000000000002,0.8554423782612798,0.9112525129653695,0.9829685864670851,0.9975553042601835,0.4480852286481408
0.02800000000000002,0.8452305819682221,0.9047618603817179,0.9816706397339803,0.9973675071305969,0.44794553045188645
0.030000000000000023,0.8351408447356207,0.8983175183759574,0.9803744188926387,0.9971797465922494,0.44780686535770053
0.03200000000000002,0.8251717076187406,0.8919191565223927,0.9790799216479558,0.9969920226379978,0.447669223494389
0.03400000000000002,0.8153217291112885,0.8855664467529135,0.97778714570788,0.996804335260702,0.4475325950919796
0.036000000000000025,0.8055894849369747,0.8792590633401751,0.9764960887834078,0.9966166844532216,0.4473969704806615
0.03800000000000003,0.7959735678435658,0.8729966828808944,0.9752067485885793,0.9964290702084183,0.44726234008969984
0.04000000000000003,0.786472587399401,0.8667789842792689,0.9739191228404748,0.9962414925191552,0.44712869444639974
0.04200000000000003,0.777085169792339,0.8606056487305128,0.9726332092592102,0.9960539513782962,0.4469960241750558
0.04400000000000003,0.767809957631109,0.8544763597045113,0.9713490055679329,0.9958664467787075,0.4468643199959216
0.046000000000000034,0.7586456097490353,0.8483908029295888,0.9700665094928186,0.995678978713256,0.44673357272419556
0.048000000000000036,0.7495908010101092,0.8423486663763967,0.9687857187630665,0.9954915471748098,0.4466037732690099
0.05000000000000004,0.7406442221173766,0.8363496402419144,0.9675066311108955,0.9953041521562399,0.44647491263243033
0.05200000000000004,0.7318045794236178,0.8303934169335638,0.9662292442715407,0.9951167936504165,0.4463469819084781
0.05400000000000004,0.7230705947442903,0.824479691053438,0.9649535559832485,0.9949294716502128,0.44621997228214355
0.05600000000000004,0.714441005172707,0.8186081593826418,0.9636795639872732,0.994742186148503,0.44609387502843256
0.058000000000000045,0.7059145628974218,0.8127785208657459,0.9624072660278723,0.9945549371381622,0.4459686815114033
0.060000000000000046,0.6974900350218013,0.8069904765953493,0.9611366598523036,0.9943677246120683,0.4458443831832227
0.06200000000000005,0.6891662033857506,0.8012437297967534,0.9598677432108199,0.9941805485630983,0.4457209715832416
0.06400000000000004,0.6809418643895708,0.7955379858127453,0.958600513856666,0.9939934089841324,0.44559843833705787
0.06600000000000004,0.6728158288199227,0.7898729520884898,0.9573349695460757,0.9938063058680519,0.4454767751556111
0.06800000000000005,0.6647869216778677,0.7842483381565288,0.956071108038265,0.9936192392077388,0.4453559738342795
0.07000000000000005,0.6568539820089682,0.7786638556218876,0.9548089270954305,0.9934322089960771,0.4452360262519769
0.07200000000000005,0.6490158627354166,0.7731192181472879,0.9535484244827437,0.9932452152259521,0.4451169243702806
0.07400000000000005,0.6412714304901698,0.7676141414384666,0.952289597968349,0.9930582578902502,0.4449986602325495
0.07600000000000005,0.6336195654530691,0.7621483432295973,0.9510324453233584,0.9928713369818598,0.4448812259630547
0.07800000000000006,0.6260591611889164,0.756721543268819,0.9497769643218478,0.9926844524936701,0.4447646137661362
0.08000000000000006,0.6185891244874859,0.751333463303868,0.9485231527408527,0.9924976044185709,0.4446488159253408
0.08200000000000006,0.6112083752054511,0.7459838270678065,0.9472710083603667,0.9923107927494558,0.44453382480259973
0.08400000000000006,0.6039158461101976,0.7406723602648598,0.9460205289633331,0.9921240174792177,0.44441963283738833
0.08600000000000006,0.5967104827255039,0.735398790556354,0.9447717123356454,0.9919372786007518,0.44430623254591334
0.08800000000000006,0.5895912431790689,0.7301628475467477,0.9435245562661397,0.9917505761069544,0.4441936165202991
0.09000000000000007,0.5825570980518576,0.7249642627697704,0.942279058546594,0.9915639099907231,0.4440817774277882
0.09200000000000007,0.5756070302292515,0.7198027696746584,0.941035216971722,0.9913772802449569,0.44397070800994765
0.09400000000000007,0.5687400347539774,0.714678103612485,0.9397930293391704,0.9911906868625562,0.4438604010818815
0.09600000000000007,0.5619551186807916,0.7095900018225924,0.9385524934495144,0.991004129836423,0.44375084953145916
0.09800000000000007,0.5552513009329038,0.7045382034191179,0.9373136071062534,0.9908176091594604,0.44364204631854637
0.10000000000000007,0.5486276121601149,0.6995224493776181,0.936076368115809,0.9906311248245733,0.44353398447424086
0.10200000000000008,0.5420830945986542,0.6945424825217882,0.9348407742875184,0.990444676824668,0.44342665710013235
0.10400000000000008,0.5356168019326862,0.689598047510274,0.9336068234336339,0.9902582651526511,0.4433200573675453
0.10600000000000008,0.5292277991574796,0.6846888908235805,0.932374513369315,0.9900718898014315,0.44321417851681744
0.10800000000000008,0.5229151624442042,0.6798147607510727,0.9311438419126277,0.9898855507639203,0.4431090138565628
0.11000000000000008,0.5166779790063512,0.6749754073780698,0.9299148068845398,0.9896992480330283,0.4430045567629586
0.11200000000000009,0.5105153469677448,0.6701705825730312,0.9286874061089168,0.9895129816016689,0.4429008006790324
0.11400000000000009,0.5044263752321342,0.665400039974832,0.9274616374125167,0.9893267514627562,0.4427977391139547
0.11600000000000009,0.4984101833543439,0.6606635349801341,0.926237498624989,0.9891405576092057,0.44269536564234535
0.11800000000000009,0.49246590141296315,0.6559608247308409,0.9250149875788689,0.9889544000339348,0.44259367390358895
0.12000000000000009,0.48659266988455674,0.6512916681016484,0.9237941021095731,0.9887682787298614,0.44249265760114775
0.1220000000000001,0.4807896395193836,0.6466558256876801,0.9225748400553984,0.9885821936899061,0.4423923105018865
0.1240000000000001,0.4750559712185937,0.6420530597922112,0.9213571992575148,0.9883961449069901,0.4422926264354187
0.12600000000000008,0.46939083591289943,0.637483134414482,0.9201411775599638,0.9882101323740357,0.4421935992934285
0.12800000000000009,0.4637934144426931,0.6329458152375965,0.9189267728096543,0.9880241560839667,0.4420952230290347
0.1300000000000001,0.4582628974395992,0.6284408696165088,0.9177139828563569,0.9878382160297084,0.44199749165613134
0.1320000000000001,0.45279848520944244,0.6239680665660936,0.9165028055527027,0.9876523122041885,0.44190039924876257
0.1340000000000001,0.4473993876166133,0.6195271767493036,0.915293238754179,0.9874664446003344,0.4418039399404866
0.1360000000000001,0.44206482396981717,0.6151179724654096,0.9140852803191238,0.9872806132110757,0.441708107923744
0.1380000000000001,0.43679402290918884,0.6107402276383255,0.9128789281087237,0.9870948180293436,0.4416128974492499
0.1400000000000001,0.43158622229475496,0.606393717805017,0.9116741799870087,0.98690905904807,0.4415183028253784
0.1420000000000001,0.4264406690962317,0.6020782201039926,0.9104710338208504,0.986723336260189,0.44142431841755864
0.1440000000000001,0.42135661928413887,0.5977935132638763,0.9092694874799563,0.9865376496586349,0.44133093864767436
0.1460000000000001,0.4163333377222137,0.5935393775920612,0.9080695388368669,0.9863519992363451,0.4412381579934749
0.1480000000000001,0.41137009806111424,0.5893155949634465,0.9068711857669518,0.9861663849862565,0.44114597098799097
0.1500000000000001,0.4064661826333894,0.5851219488092522,0.905674426148406,0.9859808069013092,0.4410543722189521
0.1520000000000001,0.40162088234970844,0.5809582241059157,0.9044792578622465,0.985795264974443,0.44096335632821587
0.1540000000000001,0.39683349659632655,0.5768242073640658,0.9032856787923071,0.9856097591986004,0.44087291801120143
0.1560000000000001,0.3921033331337777,0.5727196866175777,0.9020936868252367,0.9854242895667246,0.44078305201633017
0.1580000000000001,0.3874297079967816,0.5686444514127023,0.9009032798504939,0.9852388560717606,0.44069375314446624
0.16000000000000011,0.3828119453953426,0.564598292797277,0.8997144557603445,0.9850534587066538,0.44060501624837267
0.16200000000000012,0.37824937761703126,0.5605810033100129,0.8985272124498571,0.9848680974643517,0.4405168362321732
0.16400000000000012,0.37374134493043526,0.556592376969855,0.8973415478168985,0.9846827723378034,0.4404292080508021
0.16600000000000012,0.3692871954897669,0.5526322092654223,0.896157459762132,0.9844974833199591,0.4403421267094844
0.16800000000000012,0.3648862852406041,0.5487002971445207,0.8949749461890127,0.9843122304037711,0.44025558726320646
0.17000000000000012,0.3605379778267644,0.5447964390037336,0.8937940050037833,0.9841270135821908,0.44016958481619883
0.17200000000000013,0.35624164449828877,0.5409204346780818,0.8926146341154704,0.9839418328481736,0.44008411452141827
0.17400000000000013,0.35199666402052654,0.5370720854307637,0.8914368314358815,0.9837566881946753,0.43999917158004276
0.17600000000000013,0.3478024225843062,0.5332511939429627,0.890260594879601,0.9835715796146524,0.4399147512409668
0.17800000000000013,0.34365831371718036,0.5294575643037307,0.8890859223639872,0.9833865071010636,0.4398308488002999
0.18000000000000013,0.3395637381957313,0.5256910019999435,0.8879128118091668,0.9832014706468687,0.43974745960088557
0.18200000000000013,0.3355181039589264,0.521951313906327,0.8867412611380333,0.983016470245029,0.4396645790317994
0.18400000000000014,0.3315208260225047,0.5182383082755538,0.885571268276241,0.9828315058885069,0.4395822025278815
0.18600000000000014,0.32757132639439385,0.5145517947284137,0.8844028311522042,0.9826465775702667,0.43950032556924234
0.18800000000000014,0.32366903399112984,0.5108915842440507,0.8832359476970915,0.982461685283273,0.4394189436808169
0.19000000000000014,0.31981338455528285,0.5072574891502715,0.8820706158448228,0.9822768290204936,0.4393380524318692
0.19200000000000014,0.316003820573867,0.5036493231139217,0.8809068335320648,0.9820920087748956,0.43925764743555007
0.19400000000000014,0.3122397911977246,0.5000669011313347,0.8797445986982285,0.9819072245394485,0.4391777243484375
0.19600000000000015,0.308520752161874,0.49651003951884265,0.878583909285465,0.981722476307124,0.43909827887007785
0.19800000000000015,0.30484616570681256,0.49297855590336026,0.8774247632386617,0.9815377640708934,0.4390193067425465
0.20000000000000015,0.3012155005007572,0.4894722692130328,0.8762671585054396,0.9813530878237314,0.4389408037500031
0.20200000000000015,0.29762823156281504,0.4859909996679522,0.8751110930361485,0.9811684475586114,0.4388627657182501
0.20400000000000015,0.29408384018707173,0.4825345687709387,0.873956564783864,0.9809838432685107,0.4387851885143083
0.20600000000000016,0.2905818138675908,0.47910279929838906,0.8728035717043837,0.9807992749464068,0.4387080680459839
0.20800000000000016,0.28712164622430464,0.4756955152911896,0.871652111756223,0.9806147425852789,0.4386314002614453
0.21000000000000016,0.28370283692979203,0.47231254204569423,0.8705021829006133,0.9804302461781069,0.4385551811488039
0.21200000000000016,0.28032489163693586,0.46895370610476494,0.8693537831014959,0.9802457857178731,0.4384794067357014
0.21400000000000016,0.27698732190743885,0.4656188352488807,0.8682069103255206,0.9800613611975605,0.4384040730888972
0.21600000000000016,0.273689645141198,0.46230775848730554,0.8670615625420409,0.9798769726101536,0.4383291763138675
0.21800000000000017,0.27043138450652277,0.45902030604932104,0.8659177377231103,0.9796926199486383,0.4382547125543972
0.22000000000000017,0.2672120688711836,0.4557563093755212,0.864775433843479,0.9795083032060019,0.43818067799218935
0.22200000000000017,0.26403123273429063,0.4525156011091721,0.8636346488805927,0.9793240223752331,0.4381070688464682
0.22400000000000017,0.26088841615898195,0.44929801508762757,0.8624953808145827,0.9791397774493218,0.4380338813735939
0.22600000000000017,0.2577831647059191,0.4461033863338121,0.8613576276282688,0.9789555684212594,0.4379611118666735
0.22800000000000017,0.2547150293675762,0.44293155104775855,0.8602213873071534,0.9787713952840386,0.43788875665518645
0.23000000000000018,0.2516835665033119,0.43978234659821447,0.859086657839417,0.9785872580306539,0.4378168121046019
0.23200000000000018,0.24868833777522412,0.4366556115142991,0.8579534372159158,0.9784031566541003,0.43774527461601354
0.23400000000000018,0.2457289100847663,0.43355118547722465,0.8568217234301782,0.9782190911473745,0.43767414062576604
0.23600000000000018,0.24280485551012176,0.4304689093120778,0.855691514478399,0.9780350615034751,0.4376034066050929
0.23800000000000018,0.23991575124432793,0.4274086249796576,0.8545628083594402,0.9778510677154014,0.437533069059754
0.24000000000000019,0.23706117953413966,0.4243701755683704,0.8534356030748231,0.9776671097761551,0.4374631245296827
0.2420000000000002,0.234240727619623,0.42135340528618753,0.8523098966287275,0.9774831876787377,0.4373935695886289
0.2440000000000002,0.23145398767447145,0.41835815945265525,0.851185687027987,0.9772993014161533,0.4373244008438134
0.2460000000000002,0.2287005567470368,0.41538428449096293,0.8500629722820852,0.9771154509814063,0.43725561493558107
0.2480000000000002,0.22598003670206013,0.4124316279200702,0.8489417504031536,0.9769316363675039,0.43718720853705806
0.25000000000000017,0.2232920341631053,0.40950003834688836,0.8478220194059668,0.9767478575674535,0.43711917835381486
0.25200000000000017,0.2206361604556771,0.4065893654585168,0.8467037773079393,0.9765641145742646,0.43705152112353585
0.25400000000000017,0.2180120315510199,0.4036994600145367,0.8455870221291218,0.9763804073809472,0.43698423361567895
0.25600000000000017,0.21541926801058817,0.40083017383935954,0.8444717518921989,0.9761967359805135,0.4369173126311587
0.2580000000000002,0.21285749493118,0.39798135981462757,0.8433579646224838,0.9760131003659767,0.4368507550020163
0.2600000000000002,0.21032634189072946,0.3951528718716724,0.8422456583479154,0.9758295005303514,0.43678455759109874
0.2620000000000002,0.2078254428947417,0.39234456498402437,0.8411348310990563,0.9756459364666537,0.4367187172917454
0.2640000000000002,0.20535443632337322,0.38955629515997686,0.8400254809090869,0.9754624081679005,0.4366532310274731
0.2660000000000002,0.2029129648791412,0.38678791943520346,0.8389176058138036,0.9752789156271112,0.436588095751665
0.2680000000000002,0.20050067553526044,0.3840392958654274,0.8378112038516143,0.9750954588373046,0.4365233084472647
0.2700000000000002,0.19811721948459565,0.38131028351914303,0.8367062730635364,0.9749120377915039,0.43645886612646845
0.2720000000000002,0.19576225208922657,0.3786007424703911,0.8356028114931916,0.9747286524827303,0.4363947658304347
0.2740000000000002,0.19343543283061224,0.37591053379158124,0.8345008171868037,0.9745453029040085,0.4363310046289759
0.2760000000000002,0.19113642526035415,0.37323951954637336,0.8334002881931942,0.9743619890483642,0.43626757962026663
0.2780000000000002,0.1888648969515466,0.3705875627826008,0.8323012225637791,0.9741787109088239,0.4362044879305586
0.2800000000000002,0.18662051945070876,0.36795452752524954,0.8312036183525675,0.9739954684784164,0.43614172671388685
0.2820000000000002,0.1844029682302906,0.36534027876948694,0.8301074736161531,0.9738122617501703,0.4360792931517878
0.2840000000000002,0.18221192264174763,0.362744682473739,0.8290127864137163,0.9736290907171177,0.4360171844530163
0.2860000000000002,0.1800470658691758,0.36016760555281724,0.8279195548070185,0.9734459553722901,0.43595539785326365
0.2880000000000002,0.17790808488350177,0.35760891587109583,0.8268277768603965,0.9732628557087215,0.43589393061488807
0.2900000000000002,0.17579467039721802,0.35506848223573567,0.8257374506407639,0.9730797917194469,0.43583278002663906
0.2920000000000002,0.17370651681966237,0.35254617438995745,0.8246485742176023,0.972896763397503,0.43577194340338515
0.2940000000000002,0.1716433222128294,0.35004186300636353,0.8235611456629627,0.9727137707359267,0.43571141808584773
0.2960000000000002,0.16960478824771097,0.3475554196803061,0.8224751630514585,0.9725308137277581,0.43565120144033936
0.2980000000000002,0.16759062016115892,0.34508671692330456,0.8213906244602651,0.9723478923660372,0.4355912908584968
0.3000000000000002,0.16560052671326395,0.34263562815650656,0.8203075279691129,0.9721650066438056,0.43553168375702433
0.3020000000000002,0.16363422014524265,0.34020202770419994,0.8192258716602865,0.9719821565541068,0.4354723775774473
0.3040000000000002,0.16169141613782817,0.33778579078736876,0.818145653618621,0.9717993420899848,0.43541336978583867
0.3060000000000002,0.15977183377015788,0.3353867935172934,0.8170668719314991,0.9716165632444862,0.4353546578725891
0.3080000000000002,0.15787519547915357,0.33300491288919876,0.8159895246888451,0.9714338200106579,0.43529623935214273
0.3100000000000002,0.15600122701938676,0.33064002677595095,0.8149136099831253,0.9712511123815483,0.4352381117627635
0.3120000000000002,0.1541496574234237,0.32829201392178936,0.813839125909341,0.9710684403502081,0.435180272666283
0.3140000000000002,0.15232021896264444,0.32596075393611457,0.812766070565028,0.9708858039096879,0.4351227196478693
0.3160000000000002,0.15051264710852796,0.32364612728731207,0.8116944420502512,0.9707032030530413,0.4350654503157781
0.3180000000000002,0.1487266804944059,0.3213480152966263,0.8106242384676021,0.9705206377733211,0.43500846230113255
0.32000000000000023,0.14696206087766522,0.31906630013207193,0.8095554579221959,0.9703381080635833,0.4349517532576744
0.32200000000000023,0.14521853310241023,0.3168008648023954,0.8084880985216675,0.9701556139168847,0.43489532086154437
0.32400000000000023,0.1434958450625672,0.31455159315107556,0.8074221583761683,0.9699731553262836,0.43483916281105145
0.32600000000000023,0.14179374766542982,0.3123183698503657,0.806357635598362,0.9697907322848395,0.4347832768264456
0.32800000000000024,0.14011199479564093,0.3101010803953828,0.8052945283034231,0.9696083447856126,0.43472766064969715
0.33000000000000024,0.13845034327960618,0.3078996110982359,0.804232834609032,0.9694259928216657,0.43467231204427637
0.33200000000000024,0.1368085528503304,0.3057138490821955,0.8031725526353729,0.9692436763860619,0.4346172287949316
0.33400000000000024,0.1351863861126756,0.3035436822759078,0.8021136805051289,0.9690613954718666,0.43456240870747775
0.33600000000000024,0.1335836085090367,0.30138899940764696,0.8010562163434801,0.9688791500721453,0.4345078496085759
0.33800000000000024,0.1319999882854217,0.2992496899996108,0.8000001582780994,0.9686969401799659,0.43445354934553204
0.34000000000000025,0.13043529645794344,0.29712564436225475,0.7989455044391506,0.9685147657883976,0.43439950578607955
0.34200000000000025,0.1288893067797074,0.29501675358866836,0.7978922529592829,0.9683326268905103,0.43434571681817097
0.34400000000000025,0.12736179570809866,0.2929229095489927,0.7968404019736288,0.9681505234793755,0.43429218034978123
0.34600000000000025,0.12585254237245638,0.2908440048848739,0.7957899496198017,0.9679684555480668,0.43423889430869755
0.34800000000000025,0.124361328542138,0.2887799330039587,0.7947408940378897,0.9677864230896582,0.4341858566423219
0.35000000000000026,0.1228879385949634,0.28673058807443086,0.7936932333704565,0.9676044260972254,0.4341330653174723
0.35200000000000026,0.1214321594860357,0.28469586501958283,0.7926469657625339,0.9674224645638458,0.43408051832018435
0.35400000000000026,0.11999378071693637,0.2826756595124286,0.791602089361622,0.9672405384825978,0.4340282136555207
0.35600000000000026,0.11857259430528766,0.280669867970355,0.7905586023176828,0.9670586478465607,0.433976149347373
0.35800000000000026,0.11716839475467958,0.2786783875498104,0.7895165027831408,0.9668767926488153,0.4339243234382815
0.36000000000000026,0.11578097902495361,0.2767011161410303,0.7884757889128745,0.9666949728824449,0.43387273398923254
0.36200000000000027,0.1144101465028452,0.2747379523628038,0.7874364588642184,0.966513188540533,0.43382137907948604
0.36400000000000027,0.11305569897297604,0.2727887955572735,0.7863985107969564,0.9663314396161649,0.4337702568063806
0.36600000000000027,0.11171744058919225,0.27085354578477566,0.7853619428733188,0.9661497261024266,0.4337193652851582
0.36800000000000027,0.1103951778462443,0.26893210381871585,0.7843267532579824,0.9659680479924064,0.4336687026487812
0.3700000000000003,0.10908871955180872,0.26702437114048033,0.7832929401180617,0.9657864052791939,0.43361826704775347
0.3720000000000003,0.10779787679884051,0.26513024993438467,0.7822605016231099,0.9656047979558787,0.4335680566499409
0.3740000000000003,0.1065224629382593,0.2632496430826595,0.7812294359451142,0.9654232260155533,0.43351806964040174
0.3760000000000003,0.10526229355195932,0.2613824541604705,0.7801997412584928,0.9652416894513108,0.43346830422120974
0.3780000000000003,0.10401718642614234,0.25952858743097273,0.7791714157400913,0.965060188256246,0.43341875861128737
0.3800000000000003,0.10278696152497253,0.2576879478404032,0.7781444575691802,0.9648787224234547,0.4333694310462282
0.3820000000000003,0.10157144096454133,0.25586044101320865,0.7771188649274509,0.9646972919460346,0.43332031977813823
0.3840000000000003,0.10037044898714706,0.25404597324720235,0.7760946359990131,0.9645158968170835,0.43327142307546407
0.3860000000000003,0.09918381193588101,0.25224445150876423,0.7750717689703905,0.9643345370297021,0.4332227392228293
0.3880000000000003,0.09801135822951623,0.25045578342806735,0.7740502620305195,0.9641532125769912,0.43317426652087765
0.3900000000000003,0.09685291833769817,0.24867987729434413,0.773030113370744,0.9639719234520535,0.4331260032861026
0.3920000000000003,0.09570832475643083,0.24691664205118088,0.7720113211848131,0.9637906696479943,0.4330779478506977
0.3940000000000003,0.09457741198385651,0.24516598729185285,0.7709938836688782,0.9636094511579173,0.43303009856239305
0.3960000000000003,0.0934600164963239,0.2434278232546847,0.7699777990214901,0.9634282679749301,0.43298245378430034
0.3980000000000003,0.09235597672474323,0.24170206081845236,0.7689630654435937,0.9632471200921403,0.43293501189476147
0.4000000000000003,0.09126513303122406,0.23998861149780915,0.7679496811385274,0.9630660075026581,0.4328877712871971
0.4020000000000003,0.09018732768599258,0.2382873874387523,0.7669376443120188,0.9628849301995933,0.4328407303699433
0.4040000000000003,0.08912240484458393,0.23659830141411625,0.7659269531721812,0.9627038881760586,0.4327938875661257
0.4060000000000003,0.08807021052530695,0.2349212668191003,0.76491760592951,0.9625228814251677,0.4327472413134843
0.4080000000000003,0.08703059258697893,0.23325619766682876,0.7639096007968816,0.9623419099400349,0.4327007900642502
0.4100000000000003,0.08600340070692758,0.23160300858394245,0.7629029359895484,0.9621609737137765,0.4326545322849853
0.4120000000000003,0.08498848635925317,0.22996161480622018,0.7618976097251361,0.96198007273951,0.4326084664564509
0.4140000000000003,0.08398570279335399,0.22833193217423256,0.760893620223641,0.9617992070103544,0.4325625910734541
0.4160000000000003,0.08299490501270526,0.22671387712902794,0.7598909657074263,0.9616183765194296,0.43251690464471715
0.4180000000000003,0.08201594975389234,0.22510736670784667,0.7588896444012189,0.9614375812598573,0.4324714056927351
0.4200000000000003,0.08104869546589756,0.22351231853986814,0.7578896545321064,0.9612568212247603,0.4324260927536361
0.4220000000000003,0.08009300228963047,0.221928650841987,0.7568909943295337,0.9610760964072627,0.43238096437704965
0.4240000000000003,0.07914873203770448,0.22035628241462007,0.7558936620253016,0.9608954068004899,0.43233601912596964
0.4260000000000003,0.07821574817445724,0.21879513263754244,0.7548976558535607,0.9607147523975686,0.43229125557662296
0.4280000000000003,0.07729391579620581,0.21724512146575387,0.7539029740508116,0.9605341331916278,0.43224667231833425
0.4300000000000003,0.07638310161174185,0.21570616942537563,0.7529096148558976,0.9603535491757967,0.43220226795339944
0.43200000000000033,0.07548317392305594,0.21417819760957374,0.7519175765100062,0.9601730003432064,0.43215804109695694
0.43400000000000033,0.0745940026062966,0.2126611276745141,0.7509268572566622,0.9599924866869888,0.4321139903768524
0.43600000000000033,0.07371545909295264,0.2111548818353459,0.7499374553417282,0.9598120082002773,0.4320701144335273
0.43800000000000033,0.07284741635126492,0.20965938286221245,0.7489493690133966,0.9596315648762073,0.43202641191987756
0.44000000000000034,0.07198974886785563,0.20817455407629193,0.7479625965221918,0.9594511567079149,0.4319828815011373
0.44200000000000034,0.071142332629581,0.20670031934586433,0.7469771361209634,0.9592707836885377,0.43193952185476214
0.44400000000000034,0.07030504510559848,0.20523660308241057,0.7459929860648854,0.9590904458112147,0.4318963316702954
0.44600000000000034,0.0694777652296494,0.2037833302367343,0.7450101446114509,0.9589101430690862,0.43185330964925817
0.44800000000000034,0.06866037338255297,0.2023404262951147,0.7440286100204713,0.9587298754552939,0.43181045450503086
0.45000000000000034,0.0678527513749096,0.2009078172754864,0.7430483805540707,0.9585496429629805,0.4317677649627237
0.45200000000000035,0.06705478243001187,0.19948542972364536,0.7420694544766856,0.9583694455852908,0.4317252397590759
0.45400000000000035,0.06626635116695764,0.198073190709483,0.7410918300550606,0.9581892833153696,0.43168287764233343
0.45600000000000035,0.06548734358396766,0.19667102782324608,0.7401155055582437,0.9580091561463647,0.43164067737213085
0.45800000000000035,0.06471764704190024,0.19527886917182508,0.7391404792575859,0.9578290640714245,0.4315986377193922
0.46000000000000035,0.0639571502479638,0.1938966433750669,0.7381667494267367,0.9576490070836983,0.43155675746620087
0.46200000000000035,0.0632057432396252,0.19252427956211632,0.7371943143416414,0.9574689851763367,0.4315150354057058
0.46400000000000036,0.062463317368709026,0.1911617073677803,0.7362231722805376,0.9572889983424927,0.4314734703420041
0.46600000000000036,0.0617297652856869,0.18980885692892172,0.7352533215239527,0.9571090465753193,0.4314320610900316
0.46800000000000036,0.06100498092415535,0.18846565888087652,0.734284760354701,0.9569291298679724,0.43139080647546646
0.47000000000000036,0.06028885948549979,0.18713204435389666,0.7333174870578799,0.956749248213608,0.43134970533460626
0.47200000000000036,0.059581297423739014,0.18580794496961867,0.7323514999208678,0.9565694016053832,0.43130875651428113
0.47400000000000037,0.058882192430554925,0.18449329283756014,0.7313867972333206,0.9563895900364574,0.4312679588717361
0.47600000000000037,0.058191443420496744,0.18318802055163505,0.7304233772871669,0.9562098134999913,0.4312273112745378
0.47800000000000037,0.05750895051636629,0.18189206118670062,0.7294612383766093,0.9560300719891462,0.431186812600467
0.48000000000000037,0.0568346150347755,0.18060534829512367,0.7285003787981169,0.9558503654970849,0.4311464617374231
0.4820000000000004,0.05616833947187633,0.17932781590337538,0.7275407968504253,0.9556706940169725,0.4311062575833175
0.4840000000000004,0.05551002748926248,0.17805939850864716,0.7265824908345314,0.9554910575419745,0.43106619904598764
0.4860000000000004,0.054859583900040296,0.17680003107549272,0.7256254590536924,0.9553114560652574,0.4310262850430842
0.4880000000000004,0.054216914655061975,0.17554964903249257,0.7246696998134218,0.9551318895799895,0.4309865145019837
0.4900000000000004,0.053581926829329295,0.17430818826894517,0.7237152114214858,0.9549523580793414,0.43094688635969647
0.4920000000000004,0.05295452860855571,0.1730755851315781,0.7227619921879006,0.9547728615564831,0.4309073995627619
0.4940000000000004,0.052334629275890714,0.17185177642128388,0.7218100404249317,0.9545934000045879,0.43086805306716547
0.4960000000000004,0.05172213919880118,0.1706366993898806,0.7208593544470867,0.9544139734168288,0.4308288458382348
0.4980000000000004,0.05111696981611286,0.16943029173689497,0.7199099325711165,0.954234581786381,0.4307897768505632
0.5000000000000003,0.05051903362520219,0.16823249160636694,0.7189617731160082,0.9540552251064208,0.43075084508790284
0.5020000000000001,0.04992824416934594,0.1670432375836776,0.7180148744029864,0.9538759033701264,0.43071204954308795
0.5039999999999999,0.04934451602521793,0.16586246869240132,0.717069234755507,0.953696616570676,0.4306733892179388
0.5059999999999997,0.048767764790538994,0.16469012439117983,0.7161248524992557,0.9535173647012503,0.4306348631231761
0.5079999999999995,0.0481979070718714,0.16352614457061518,0.7151817259621454,0.953338147755031,0.4305964702783348
0.5099999999999992,0.047634860472559534,0.16237046955019172,0.7142398534743107,0.9531589657252012,0.4305582097116761
0.511999999999999,0.047078543580817964,0.16122304007521282,0.7132992333681091,0.9529798186049455,0.4305200804601054
0.5139999999999988,0.0465288759579572,0.16008379731376404,0.7123598639781136,0.9528007063874491,0.4304820815690848
0.5159999999999986,0.0459857781267543,0.1589526828536962,0.711421743641114,0.9526216290658992,0.430444212092553
0.5179999999999984,0.04544917155995872,0.1578296386996302,0.7104848706961104,0.9524425866334838,0.4304064710928401
0.5199999999999981,0.044918978668939825,0.1567146072699841,0.709549243484312,0.9522635790833932,0.4303688576405825
0.5219999999999979,0.044395122792465914,0.15560753139401964,0.7086148603491336,0.9520846064088178,0.4303313708146509
0.5239999999999977,0.043877528185620955,0.15450835430891208,0.7076817196361938,0.9519056686029503,0.4302940097020653
0.5259999999999975,0.04336612000884906,0.15341701965683827,0.7067498196933109,0.9517267656589843,0.4302567733979167
0.5279999999999972,0.04286082431713636,0.15233347148208914,0.7058191588704998,0.9515478975701148,0.4302196610052827
0.529999999999997,0.04236156804931671,0.15125765422819826,0.7048897355199695,0.951369064329538,0.4301826716351613
0.5319999999999968,0.04186827901750795,0.15018951273509448,0.7039615479961218,0.9511902659304518,0.4301458044063864
0.5339999999999966,0.04138088589667386,0.14912899223627246,0.7030345946555447,0.951011502366055,0.43010905844555103
0.5359999999999964,0.04089931821431017,0.14807603835598798,0.7021088738570124,0.9508327736295472,0.4300724328869383
0.5379999999999961,0.0404235063402544,0.14703059710646457,0.7011843839614822,0.9506540797141309,0.430035926872442
0.5399999999999959,0.03995338147661842,0.14599261488513046,0.7002611233320905,0.9504754206130087,0.42999953955148895
0.5419999999999957,0.03948887564784002,0.14496203847186712,0.6993390903341508,0.950296796319385,0.42996327008098023
0.5439999999999955,0.039029921690853384,0.1439388150262804,0.6984182833351494,0.9501182068264657,0.42992711762520364
0.5459999999999953,0.03857645324537749,0.14292289208499373,0.6974987007047452,0.9499396521274577,0.4298910813557691
0.547999999999995,0.03812840474432118,0.1419142175589545,0.6965803408147634,0.9497611322155688,0.42985516045153954
0.5499999999999948,0.03768571140430327,0.1409127397307667,0.6956632020391961,0.9495826470840084,0.4298193540985559
0.5519999999999946,0.037248309216282,0.1399184072520375,0.6947472827541961,0.9494041967259882,0.42978366148997205
0.5539999999999944,0.036816134936303174,0.13893116914074355,0.6938325813380755,0.9492257811347198,0.42974808182598734
0.5559999999999942,0.0363891260763524,0.1379509747786193,0.6929190961713053,0.9490474003034169,0.4297126143137698
0.557999999999994,0.03596722089532049,0.13697777390855886,0.6920068256365076,0.9488690542252949,0.4296772581674033
0.5599999999999937,0.03555035839007689,0.13601151663204114,0.6910957681184564,0.9486907428935689,0.42964201260780344
0.5619999999999935,0.035138478286646554,0.13505215340657092,0.6901859220040734,0.9485124663014575,0.4296068768626675
0.5639999999999933,0.03473152103149755,0.13409963504313824,0.6892772856824261,0.9483342244421786,0.42957185016640453
0.5659999999999931,0.03432942778292619,0.1331539127036961,0.6883698575447222,0.9481560173089535,0.42953693176006363
0.5679999999999928,0.03393214040255197,0.13221493789865707,0.6874636359843115,0.9479778448950029,0.4295021208912789
0.5699999999999926,0.0335396014469089,0.13128266248440637,0.6865586193966791,0.9477997071935499,0.4294674168142021
0.5719999999999924,0.03315175415914022,0.13035703866083384,0.685654806179443,0.9476216041978186,0.42943281878944173
0.5739999999999922,0.03276854246079045,0.12943801896888224,0.6847521947323532,0.9474435359010343,0.42939832608400086
0.575999999999992,0.0323899109436985,0.12852555628811527,0.6838507834572866,0.947265502296424,0.4293639379712155
0.5779999999999917,0.0320158048619838,0.1276196038343008,0.6829505707582478,0.9470875033772157,0.42932965373068804
0.5799999999999915,0.03164617012413142,0.1267201151570112,0.68205155504136,0.9469095391366392,0.4292954726482431
0.5819999999999913,0.03128095328517,0.1258270441372418,0.6811537347148693,0.9467316095679248,0.42926139401585023
0.5839999999999911,0.03092010153894444,0.12494034498504861,0.6802571081891364,0.9465537146643048,0.4292274171315761
0.5859999999999909,0.030563562710480136,0.12405997223719649,0.6793616738766365,0.9463758544190123,0.4291935412995215
0.5879999999999906,0.03021128524843751,0.12318588075483192,0.6784674301919568,0.9461980288252823,0.42915976582976434
0.5899999999999904,0.02986321821765821,0.12231802572116603,0.6775743755517921,0.9460202378763509,0.4291260900383052
0.5919999999999902,0.02951931129180199,0.12145636263917771,0.6766825083749418,0.9458424815654557,0.42909251324701053
0.59399999999999,0.029179514746067163,0.12060084732933148,0.6757918270823094,0.9456647598858345,0.4290590347835503
0.5959999999999898,0.028843779450002247,0.11975143592731319,0.6749023300968977,0.9454870728307281,0.4290256539813494
0.5979999999999895,0.028512056860399784,0.1189080848817799,0.6740140158438072,0.9453094203933774,0.4289923701795332
0.5999999999999893,0.02818429901427982,0.11807075095212707,0.6731268827502317,0.9451318025670256,0.42895918272286815
