time,Iplus_R,Iminus_R,P,rf_on
0.0,0.26773464117981205,0.08211616034666108,0.4499999999999989,1
0.0025,0.2601310988204978,0.08061929388061112,0.4498346331663663,1
0.005000000000000001,0.25276475852802666,0.0791517518627855,0.44967204269323313,1
0.007500000000000003,0.2456280245090215,0.07771294751506422,0.44951216241748293,1
0.010000000000000005,0.2387135473037842,0.07630230591747962,0.44935492792635506,1
0.012500000000000008,0.23201421573483938,0.07491926376724928,0.44920027650845706,1
0.01500000000000001,0.22552314912012894,0.07356326914272077,0.4490481471061988,1
0.017500000000000012,0.2192336897421192,0.07223378127212693,0.44889848026959656,1
0.020000000000000014,0.21313939556436845,0.07093027030705516,0.44875121811143814,1
0.022500000000000017,0.20723403318738773,0.06965221710053272,0.44860630426371595,1
0.02500000000000002,0.20151157103589643,0.06839911298963552,0.4484636838353421,1
0.02750000000000002,0.19596617276983405,0.06717045958252703,0.4483233033710828,1
0.030000000000000023,0.19059219091174678,0.06596576854983718,0.44818511081166074,1
0.03250000000000002,0.18538416068340846,0.06478456142029301,0.4480490554550395,1
0.035000000000000024,0.18033679404477518,0.06362636938051416,0.4479150879187972,1
0.037500000000000026,0.17544497392859779,0.06249073307888785,0.44778316010359437,1
0.04000000000000003,0.17070374866424212,0.0613772024334405,0.4476532251576978,1
0.04250000000000003,0.16610832658447694,0.06028533644362448,0.44752523744251677,1
0.04500000000000003,0.16165407080919664,0.05921470300593978,0.44739915249913353,1
0.047500000000000035,0.15733649420024837,0.05816487873331274,0.4472749270158012,1
0.05000000000000004,0.1531512544817214,0.057135448778154505,0.447152518796353,1
0.05250000000000004,0.14909414952024833,0.05612600665902509,0.4470318867295494,1
0.05500000000000004,0.1451611127600445,0.055136154090828435,0.4469129907592772,1
0.057500000000000044,0.14134820880758892,0.05416550081846731,0.4467957918556039,1
0.060000000000000046,0.13765162916101512,0.0532136644538866,0.44668025198668204,1
0.06250000000000004,0.13406768807944952,0.052280270316436554,0.4465663340914244,1
0.06500000000000004,0.13059281858768482,0.05136495127648796,0.4464540020529881,1
0.06750000000000005,0.12722356861173617,0.0504673476022326,0.4463432206729917,1
0.07000000000000005,0.12395659724096739,0.049587106809604285,0.44623395564648327,1
0.07250000000000005,0.12078867111262537,0.048723883515257124,0.44612617353761513,1
0.07500000000000005,0.11771666091474915,0.04787733929253748,0.4460198417560112,1
0.07750000000000005,0.11473753800356332,0.04704714253039005,0.44591492853379777,1
0.08000000000000006,0.11184837113158466,0.04623296829513685,0.44581140290331156,1
0.08250000000000006,0.10904632328280296,0.045434498195071296,0.4457092346754029,1
0.08500000000000006,0.106328648611412,0.044651420247809534,0.44560839441839095,1
0.08750000000000006,0.10369268948068652,0.04388342875034293,0.4455088534375875,1
0.09000000000000007,0.10113587359871119,0.04313022415173638,0.44541058375541454,1
0.09250000000000007,0.09865571124777751,0.042391512928418924,0.4453135580920816,1
0.09500000000000007,0.09624979260437021,0.04166700746201294,0.44521774984680385,1
0.09750000000000007,0.09391578514676413,0.040956425919651054,0.44512313307955675,1
0.10000000000000007,0.09165143114735311,0.04025949213672931,0.4450296824933355,1
0.10250000000000008,0.08945454524692753,0.03957593550204691,0.4449373734169336,1
0.10500000000000008,0.08732301210820625,0.038905490845284475,0.4448461817881745,1
0.10750000000000008,0.08525478414602151,0.038247898326772195,0.4447560841376472,1
0.11000000000000008,0.08324787933163727,0.037602903329501884,0.4446670575728794,1
0.11250000000000009,0.08130037906876783,0.03697025635333666,0.4445790797629543,1
0.11500000000000009,0.07941042613894227,0.036349712911373636,0.44449212892357426,1
0.11750000000000009,0.0775762227139373,0.035741033428415836,0.44440618380251795,1
0.12000000000000009,0.07579602843307769,0.03514398314150956,0.444321223665532,1
0.1225000000000001,0.07406815854327518,0.034558332002506395,0.44423722828259327,1
0.12500000000000008,0.07239098209974726,0.033983854582606915,0.44415417791456757,0
0.12750000000000009,0.0728237646932661,0.034039869897895585,0.44415417791456757,0
0.1300000000000001,0.07325480784079293,0.03409574836994677,0.44415417791456757,0
0.1325000000000001,0.07368411978248075,0.034151490415798326,0.4441541779145669,0
0.1350000000000001,0.0741117087164945,0.03420709645110284,0.4441541779145671,0
0.1375000000000001,0.07453758279923359,0.03426256689013255,0.44415417791456774,0
0.1400000000000001,0.0749617501455546,0.03431790214578392,0.44415417791456824,0
0.1425000000000001,0.07538421882899002,0.03437310262958259,0.4441541779145678,0
0.1450000000000001,0.07580499688196878,0.034428168751687895,0.444154177914567,0
0.1475000000000001,0.07622409229603298,0.03448310092089788,0.44415417791456746,0
0.1500000000000001,0.07664151302205548,0.03453789954465385,0.44415417791456707,0
0.1525000000000001,0.07705726697045524,0.0345925650290449,0.44415417791456746,0
0.1550000000000001,0.0774713620114114,0.03464709777881297,0.44415417791456724,0
0.1575000000000001,0.077883805975077,0.03470149819735718,0.444154177914568,0
0.16000000000000011,0.0782946066517905,0.03475576668673865,0.4441541779145674,0
0.16250000000000012,0.07870377179228728,0.034809903647685034,0.44415417791456724,0
0.16500000000000012,0.07911130910790895,0.03486390947959511,0.4441541779145677,0
0.16750000000000012,0.0795172262708124,0.03491778458054351,0.4441541779145679,0
0.17000000000000012,0.07992153091417646,0.03497152934728515,0.4441541779145679,0
0.17250000000000013,0.08032423063240964,0.035025144175259953,0.44415417791456885,0
0.17500000000000013,0.08072533298135395,0.03507862945859717,0.44415417791456846,0
0.17750000000000013,0.0811248454784901,0.0351319855901201,0.4441541779145678,0
0.18000000000000013,0.0815227756031396,0.03518521296135055,0.4441541779145682,0
0.18250000000000013,0.08191913079666774,0.03523831196251328,0.44415417791456757,0
0.18500000000000014,0.08231391846268324,0.03529128298254052,0.4441541779145678,0
0.18750000000000014,0.0827071459672391,0.0353441264090765,0.44415417791456735,0
0.19000000000000014,0.08309882063903042,0.035396842628481744,0.4441541779145671,0
0.19250000000000014,0.08348894976959235,0.035449432025837654,0.4441541779145678,0
0.19500000000000015,0.08387754061349659,0.03550189498495092,0.44415417791456796,0
0.19750000000000015,0.08426460038854652,0.035554231888357796,0.44415417791456746,0
0.20000000000000015,0.08465013627597195,0.03560644311732852,0.4441541779145673,0
0.20250000000000015,0.08503415542062225,0.0356585290518719,0.44415417791456824,0
0.20500000000000015,0.0854166649311587,0.03571049007073932,0.444154177914568,0
0.20750000000000016,0.08579767188024544,0.035762326551429316,0.4441541779145683,0
0.21000000000000016,0.08617718330474025,0.03581403887019193,0.4441541779145675,0
0.21250000000000016,0.08655520620588264,0.03586562740203283,0.44415417791456846,0
0.21500000000000016,0.0869317475494833,0.035917092520717765,0.4441541779145676,0
0.21750000000000017,0.08730681426611021,0.03596843459877671,0.4441541779145681,0
0.22000000000000017,0.08768041325127522,0.036019654007508325,0.444154177914567,0
0.22250000000000017,0.08805255136561892,0.036070751116984066,0.44415417791456807,0
0.22500000000000017,0.0884232354350946,0.03612172629605234,0.4441541779145668,0
0.22750000000000017,0.08879247225115204,0.036172579912342864,0.444154177914567,0
0.23000000000000018,0.0891602685709183,0.03622331233227094,0.44415417791456724,0
0.23250000000000018,0.08952663111738011,0.03627392392104136,0.4441541779145678,0
0.23500000000000018,0.08989156657956347,0.03632441504265285,0.4441541779145678,0
0.23750000000000018,0.09025508161271246,0.03637478605990214,0.4441541779145678,0
0.24000000000000019,0.09061718283846817,0.03642503733438805,0.44415417791456796,0
0.2425000000000002,0.0909778768450449,0.03647516922651579,0.444154177914568,0
0.2450000000000002,0.09133717018740763,0.03652518209550081,0.44415417791456796,0
0.2475000000000002,0.09169506938744608,0.036575076299373115,0.44415417791456735,0
0.25000000000000017,0.09205158093415002,0.03662485219498134,0.4441541779145671,0
0.25250000000000017,0.09240671128378214,0.0366745101379967,0.44415417791456757,0
0.25500000000000017,0.09276046686005046,0.03672405048291712,0.44415417791456774,0
0.2575000000000002,0.09311285405428034,0.0367734735830713,0.44415417791456824,0
0.2600000000000002,0.09346387922558462,0.036822779790622685,0.44415417791456757,0
0.2625000000000002,0.09381354870103346,0.036871969456573575,0.44415417791456874,0
0.2650000000000002,0.09416186877582326,0.03692104293076897,0.44415417791456746,0
0.2675000000000002,0.09450884571344381,0.036970000561900807,0.44415417791456696,0
0.2700000000000002,0.09485448574584619,0.03701884269751156,0.44415417791456746,0
0.2725000000000002,0.09519879507360819,0.03706756968399861,0.44415417791456707,0
0.2750000000000002,0.09554177986609944,0.037116181866618005,0.44415417791456846,0
0.2775000000000002,0.095883446261646,0.03716467958948817,0.44415417791456757,0
0.2800000000000002,0.09622380036769348,0.03721306319559425,0.44415417791456746,0
0.2825000000000002,0.09656284826096947,0.03726133302679168,0.4441541779145678,0
0.2850000000000002,0.0969005959876451,0.03730948942381023,0.44415417791456746,0
0.2875000000000002,0.09723704956349592,0.03735753272625786,0.4441541779145679,0
0.2900000000000002,0.09757221497406152,0.0374054632726245,0.4441541779145672,0
0.2925000000000002,0.09790609817480474,0.037453281400286066,0.444154177914567,0
0.2950000000000002,0.09823870509126954,0.037500987445508116,0.44415417791456746,0
0.2975000000000002,0.09857004161923849,0.03754858174344978,0.44415417791456746,0
0.3000000000000002,0.09890011362488922,0.03759606462816748,0.44415417791456685,0
0.3025000000000002,0.09922892694494964,0.037643436432618846,0.4441541779145671,0
0.3050000000000002,0.0995564873868529,0.03769069748866639,0.44415417791456757,0
0.3075000000000002,0.0998828007288916,0.03773784812708132,0.44415417791456746,0
0.3100000000000002,0.10020787272037007,0.03778488867754733,0.444154177914567,0
0.3125000000000002,0.10053170908175714,0.03783181946866423,0.4441541779145679,0
0.3150000000000002,0.1008543155048377,0.037878640827951754,0.44415417791456757,0
0.3175000000000002,0.10117569765286265,0.03792535308185323,0.444154177914568,0
0.32000000000000023,0.10149586116069942,0.03797195655573946,0.44415417791456757,0
0.32250000000000023,0.10181481163498045,0.03801845157391214,0.44415417791456724,0
0.32500000000000023,0.10213255465425133,0.03806483845960762,0.44415417791456796,0
0.32750000000000024,0.10244909576911884,0.038111117535000696,0.4441541779145689,0
0.33000000000000024,0.10276444050239628,0.03815728912120808,0.4441541779145677,0
0.33250000000000024,0.10307859434925043,0.03820335353829218,0.44415417791456624,0
0.33500000000000024,0.103391562777346,0.0382493111052647,0.44415417791456746,0
0.33750000000000024,0.10370335122699008,0.03829516214009011,0.4441541779145665,0
0.34000000000000025,0.10401396511127506,0.038340906959689405,0.44415417791456785,0
0.34250000000000025,0.10432340981622155,0.0383865458799437,0.44415417791456746,0
0.34500000000000025,0.10463169070092095,0.038432079215697655,0.4441541779145678,0
0.34750000000000025,0.1049388130976755,0.03847750728076316,0.44415417791456774,0
0.35000000000000026,0.10524478231213928,0.03852283038792282,0.44415417791456685,0
0.35250000000000026,0.10554960362345737,0.03856804884893352,0.444154177914568,0
0.35500000000000026,0.10585328228440537,0.03861316297452997,0.4441541779145687,0
0.35750000000000026,0.10615582352152686,0.03865817307442809,0.44415417791456807,0
0.36000000000000026,0.10645723253527106,0.038703079457328725,0.44415417791456724,0
0.36250000000000027,0.10675751450012932,0.038747882430920935,0.44415417791456824,0
0.36500000000000027,0.107056674564771,0.038792582301885585,0.444154177914569,0
0.36750000000000027,0.10735471785217876,0.038837179375898694,0.4441541779145677,0
0.3700000000000003,0.10765164945978295,0.038881673957635005,0.4441541779145674,0
0.3725000000000003,0.10794747445959503,0.03892606635077141,0.4441541779145684,0
0.3750000000000003,0.10824219789834111,0.03897035685799028,0.4441541779145686,0
0.3775000000000003,0.1085358247975936,0.039014545780982915,0.4441541779145671,0
0.3800000000000003,0.10882836015390292,0.039058633420452994,0.44415417791456724,0
0.3825000000000003,0.10911980893892845,0.03910262007611995,0.44415417791456724,0
0.3850000000000003,0.10941017609956881,0.03914650604672231,0.44415417791456746,0
0.3875000000000003,0.10969946655809117,0.03919029163002102,0.4441541779145679,0
0.3900000000000003,0.10998768521225949,0.03923397712280298,0.4441541779145671,0
0.3925000000000003,0.11027483693546342,0.039277562820884133,0.44415417791456724,0
0.3950000000000003,0.11056092657684502,0.039321049019113034,0.44415417791456735,0
0.3975000000000003,0.11084595896142556,0.03936443601137391,0.44415417791456846,0
0.4000000000000003,0.11112993889023196,0.03940772409059026,0.4441541779145677,0
0.4025000000000003,0.11141287114042106,0.03945091354872797,0.4441541779145679,0
0.4050000000000003,0.11169476046540547,0.0394940046767985,0.44415417791456707,0
0.4075000000000003,0.11197561159497649,0.03953699776486247,0.44415417791456796,0
0.4100000000000003,0.11225542923542829,0.039579893102032596,0.4441541779145672,0
0.4125000000000003,0.11253421806967975,0.03962269097647713,0.4441541779145679,0
0.4150000000000003,0.11281198275739703,0.03966539167542304,0.4441541779145679,0
0.4175000000000003,0.11308872793511449,0.03970799548515919,0.444154177914567,0
0.4200000000000003,0.1133644582163556,0.03975050269103965,0.4441541779145681,0
0.4225000000000003,0.11363917819175284,0.039792913577486815,0.44415417791456824,0
0.4250000000000003,0.11391289242916705,0.03983522842799467,0.4441541779145686,0
0.4275000000000003,0.11418560547380638,0.03987744752513193,0.44415417791456735,0
0.4300000000000003,0.11445732184834385,0.039919571150545154,0.4441541779145679,0
0.43250000000000033,0.11472804605303517,0.039961599584961933,0.44415417791456696,0
0.43500000000000033,0.11499778256583577,0.04000353310819412,0.44415417791456696,0
0.43750000000000033,0.11526653584251664,0.04004537199914097,0.44415417791456746,0
0.44000000000000034,0.11553431031678019,0.04008711653579205,0.444154177914567,0
0.44250000000000034,0.11580111040037441,0.040128766995230644,0.4441541779145679,0
0.44500000000000034,0.11606694048320865,0.04017032365363659,0.444154177914568,0
0.44750000000000034,0.1163318049334659,0.04021178678628959,0.44415417791456746,0
0.45000000000000034,0.11659570809771684,0.04025315666757215,0.4441541779145672,0
0.45250000000000035,0.11685865430103157,0.0402944335709727,0.4441541779145681,0
0.45500000000000035,0.1171206478470923,0.04033561776908869,0.4441541779145677,0
0.45750000000000035,0.11738169301830402,0.04037670953362958,0.4441541779145666,0
0.46000000000000035,0.1176417940759057,0.040417709135419894,0.44415417791456796,0
0.46250000000000036,0.11790095526008004,0.04045861684440218,0.4441541779145679,0
0.46500000000000036,0.1181591807900629,0.04049943292964024,0.44415417791456824,0
0.46750000000000036,0.11841647486425244,0.040540157659321875,0.4441541779145681,0
0.47000000000000036,0.11867284166031765,0.040580791300762024,0.4441541779145677,0
0.47250000000000036,0.1189282853353056,0.04062133412040579,0.4441541779145669,0
0.47500000000000037,0.11918281002574906,0.040661786383831236,0.44415417791456696,0
0.47750000000000037,0.11943641984777298,0.040702148355752484,0.4441541779145678,0
0.48000000000000037,0.11968911889720033,0.04074242030002273,0.4441541779145671,0
0.4825000000000004,0.11994091124965772,0.04078260247963703,0.44415417791456646,0
0.4850000000000004,0.12019180096068041,0.040822695156735256,0.4441541779145672,0
0.4875000000000004,0.12044179206581641,0.040862698592605204,0.4441541779145671,0
0.4900000000000004,0.12069088858073042,0.04090261304768527,0.444154177914567,0
0.4925000000000004,0.12093909450130684,0.04094243878156743,0.444154177914567,0
0.4950000000000004,0.12118641380375303,0.040982176053000176,0.44415417791456724,0
0.4975000000000004,0.12143285044470054,0.041021825119891435,0.44415417791456724,0
0.5000000000000003,0.12167840836130756,0.0410613862393113,0.4441541779145666,0
0.5025000000000001,0.12192309147135896,0.04110085966749499,0.4441541779145674,0
0.5049999999999998,0.12216690367336802,0.04114024565984572,0.4441541779145671,0
0.5074999999999995,0.12240984884667512,0.04117954447093743,0.44415417791456624,0
0.5099999999999992,0.12265193085154778,0.041218756354517716,0.444154177914567,0
0.512499999999999,0.12289315352928006,0.04125788156351068,0.4441541779145679,0
0.5149999999999987,0.12313352070228951,0.04129692035001956,0.444154177914567,0
0.5174999999999984,0.12337303617421647,0.04133587296532981,0.44415417791456735,0
0.5199999999999981,0.1236117037300204,0.04137473965991164,0.44415417791456757,0
0.5224999999999979,0.12384952713607707,0.041413520683422994,0.44415417791456846,0
0.5249999999999976,0.12408651014027461,0.04145221628471199,0.444154177914567,0
0.5274999999999973,0.12432265647210941,0.041490826711820215,0.4441541779145671,0
0.529999999999997,0.12455796984278138,0.04152935221198496,0.4441541779145681,0
0.5324999999999968,0.12479245394528844,0.04156779303164232,0.4441541779145672,0
0.5349999999999965,0.12502611245452117,0.0416061494164297,0.4441541779145679,0
0.5374999999999962,0.1252589490273559,0.04164442161118865,0.4441541779145682,0
0.5399999999999959,0.12549096730274864,0.04168260985996757,0.44415417791456746,0
0.5424999999999957,0.1257221709018269,0.04172071440602444,0.444154177914567,0
0.5449999999999954,0.12595256342798308,0.0417587354918294,0.4441541779145666,0
0.5474999999999951,0.12618214846696527,0.04179667335906756,0.44415417791456724,0
0.5499999999999948,0.12641092958696845,0.04183452824864167,0.44415417791456774,0
0.5524999999999946,0.12663891033872574,0.04187230040067462,0.4441541779145678,0
0.5549999999999943,0.12686609425559883,0.04190999005451234,0.4441541779145678,0
0.557499999999994,0.1270924848536668,0.04194759744872638,0.4441541779145671,0
0.5599999999999937,0.12731808563181635,0.0419851228211163,0.4441541779145667,0
0.5624999999999934,0.12754290007183003,0.04202256640871271,0.4441541779145666,0
0.5649999999999932,0.12776693163847522,0.04205992844777952,0.4441541779145679,0
0.5674999999999929,0.12799018377959148,0.04209720917381684,0.4441541779145679,0
0.5699999999999926,0.12821265992617784,0.04213440882156335,0.44415417791456635,0
0.5724999999999923,0.12843436349248025,0.04217152762499909,0.44415417791456746,0
0.5749999999999921,0.1286552978760776,0.042208565817347964,0.44415417791456735,0
0.5774999999999918,0.12887546645796816,0.042245523631080195,0.4441541779145681,0
0.5799999999999915,0.1290948726026549,0.042282401297915044,0.44415417791456757,0
0.5824999999999912,0.1293135196582305,0.04231919904882338,0.44415417791456785,0
0.584999999999991,0.12953141095646184,0.042355917114030125,0.44415417791456635,0
0.5874999999999907,0.12974854981287492,0.04239255572301677,0.44415417791456735,0
0.5899999999999904,0.1299649395268378,0.042429115104524136,0.4441541779145669,0
0.5924999999999901,0.13018058338164437,0.04246559548655459,0.44415417791456735,0
0.5949999999999899,0.13039548464459685,0.042501997096374776,0.44415417791456724,0
0.5974999999999896,0.13060964656708873,0.042538320160518006,0.44415417791456746,0
0.5999999999999893,0.13082307238468613,0.04257456490478679,0.444154177914567,0
0.602499999999989,0.1310357653172096,0.04261073155425537,0.444154177914568,0
0.6049999999999888,0.13124772856881559,0.04264682033327213,0.44415417791456685,0
0.6074999999999885,0.13145896532807627,0.042682831465462014,0.444154177914567,0
0.6099999999999882,0.13166947876806062,0.04271876517372917,0.4441541779145668,0
0.6124999999999879,0.13187927204641364,0.04275462168025921,0.4441541779145679,0
0.6149999999999877,0.13208834830543598,0.04279040120652176,0.4441541779145665,0
0.6174999999999874,0.13229671067216314,0.042826103973272876,0.4441541779145678,0
0.6199999999999871,0.1325043622584434,0.04286173020055739,0.4441541779145676,0
0.6224999999999868,0.13271130616101628,0.042897280107711544,0.44415417791456807,0
0.6249999999999866,0.1329175454615907,0.04293275391336514,0.44415417791456724,0
0.6274999999999863,0.1331230832269216,0.042968151835444036,0.44415417791456613,0
0.629999999999986,0.13332792250888684,0.04300347409117268,0.4441541779145667,0
0.6324999999999857,0.133532066344564,0.04303872089707625,0.444154177914567,0
0.6349999999999855,0.13373551775630663,0.043073892468983126,0.444154177914567,0
0.6374999999999852,0.13393827975181913,0.04310898902202738,0.44415417791456635,0
0.6399999999999849,0.13414035532423257,0.043144010770651005,0.44415417791456724,0
0.6424999999999846,0.1343417474521798,0.043178957928606265,0.4441541779145668,0
0.6449999999999844,0.13454245909986917,0.043213830708958095,0.44415417791456796,0
0.6474999999999841,0.13474249321715925,0.04324862932408631,0.4441541779145671,0
0.6499999999999838,0.134941852739632,0.043283353985688215,0.4441541779145666,0
0.6524999999999835,0.1351405405886663,0.04331800490478055,0.44415417791456735,0
0.6549999999999833,0.13533855967151107,0.04335258229170208,0.4441541779145662,0
0.657499999999983,0.13553591288135722,0.043387086356115816,0.4441541779145671,0
0.6599999999999827,0.13573260309740987,0.043421517307011194,0.4441541779145669,0
0.6624999999999824,0.13592863318496068,0.04345587535270659,0.4441541779145669,0
0.6649999999999822,0.1361240059954587,0.0434901607008514,0.44415417791456624,0
0.6674999999999819,0.13631872436658102,0.04352437355842831,0.4441541779145668,0
0.6699999999999816,0.13651279112230422,0.04355851413175572,0.44415417791456746,0
0.6724999999999813,0.13670620907297393,0.043592582626489886,0.44415417791456724,0
0.6749999999999811,0.1368989810153749,0.04362657924762715,0.4441541779145674,0
0.6774999999999808,0.13709110973280025,0.0436605041995062,0.444154177914567,0
0.6799999999999805,0.13728259799512088,0.04369435768581036,0.44415417791456724,0
0.6824999999999802,0.1374734485588541,0.04372813990956976,0.4441541779145656,0
0.68499999999998,0.1376636641672319,0.04376185107316351,0.4441541779145673,0
0.6874999999999797,0.13785324755026923,0.043795491378321984,0.44415417791456724,0
0.6899999999999794,0.1380422014248311,0.04382906102612897,0.4441541779145664,0
0.6924999999999791,0.1382305284947006,0.04386256021702383,0.4441541779145671,0
0.6949999999999789,0.13841823145064538,0.04389598915080374,0.4441541779145672,0
0.6974999999999786,0.13860531297048395,0.04392934802662603,0.44415417791456735,0
0.6999999999999783,0.13879177571915263,0.04396263704300988,0.444154177914568,0
0.702499999999978,0.13897762234877095,0.043995856397839,0.4441541779145676,0
0.7049999999999778,0.13916285549870713,0.04402900628836352,0.44415417791456735,0
0.7074999999999775,0.1393474777956437,0.044062086911202114,0.4441541779145672,0
0.7099999999999772,0.1395314918536416,0.04409509846234428,0.444154177914567,0
0.7124999999999769,0.13971490027420536,0.04412804113715229,0.44415417791456746,0
0.7149999999999767,0.13989770564634696,0.0441609151303636,0.44415417791456724,0
0.7174999999999764,0.14007991054664934,0.044193720636092566,0.44415417791456696,0
0.7199999999999761,0.14026151753933067,0.04422645784783289,0.44415417791456696,0
0.7224999999999758,0.14044252917630645,0.0442591269584596,0.44415417791456724,0
0.7249999999999756,0.14062294799725317,0.04429172816023105,0.4441541779145667,0
0.7274999999999753,0.1408027765296702,0.044324261644791245,0.44415417791456746,0
0.729999999999975,0.14098201728894236,0.044356727603171685,0.4441541779145673,0
0.7324999999999747,0.14116067277840136,0.04438912622579353,0.4441541779145669,0
0.7349999999999745,0.14133874548938738,0.044421457702469705,0.4441541779145669,0
0.7374999999999742,0.14151623790131043,0.04445372222240688,0.4441541779145665,0
0.7399999999999739,0.141693152481711,0.04448591997420757,0.44415417791456707,0
0.7424999999999736,0.14186949168632032,0.044518051145872144,0.44415417791456735,0
0.7449999999999734,0.14204525795912082,0.044550115924800945,0.4441541779145666,0
0.7474999999999731,0.1422204537324063,0.044582114497796185,0.44415417791456613,0
0.7499999999999728,0.1423950814268407,0.04461404705106407,0.4441541779145667,0
0.7524999999999725,0.14256914345151828,0.04464591377021678,0.44415417791456624,0
0.7549999999999722,0.1427426422040215,0.044677714840274524,0.4441541779145669,0
0.757499999999972,0.1429155800704804,0.04470945044566735,0.4441541779145671,0
0.7599999999999717,0.1430879594256307,0.04474112077023747,0.4441541779145666,0
0.7624999999999714,0.14325978263287162,0.04477272599724098,0.44415417791456635,0
0.7649999999999711,0.1434310520443238,0.044804266309349874,0.444154177914567,0
0.7674999999999709,0.14360177000088623,0.04483574188865412,0.4441541779145673,0
0.7699999999999706,0.1437719388322942,0.04486715291666357,0.44415417791456796,0
0.7724999999999703,0.14394156085717494,0.04489849957430993,0.44415417791456846,0
0.77499999999997,0.14411063838310523,0.04492978204194867,0.44415417791456685,0
0.7774999999999698,0.1442791737066666,0.04496100049936104,0.4441541779145678,0
0.7799999999999695,0.14444716911350186,0.04499215512575592,0.44415417791456663,0
0.7824999999999692,0.14461462687837023,0.04502324609977191,0.4441541779145667,0
0.784999999999969,0.14478154926520306,0.045054273599479076,0.4441541779145675,0
0.7874999999999687,0.14494793852715865,0.04508523780238095,0.44415417791456674,0
0.7899999999999684,0.14511379690667658,0.04511613888541637,0.44415417791456624,0
0.7924999999999681,0.14527912663553313,0.04514697702496157,0.4441541779145666,0
0.7949999999999678,0.14544392993489366,0.04517775239683186,0.4441541779145672,0
0.7974999999999676,0.14560820901536842,0.04520846517628376,0.44415417791456635,0
0.7999999999999673,0.1457719660770652,0.04523911553801658,0.4441541779145668,0
0.802499999999967,0.14593520330964216,0.045269703656174505,0.4441541779145668,0
0.8049999999999667,0.14609792289236173,0.045300229704348494,0.44415417791456724,0
0.8074999999999665,0.1462601269941425,0.04533069385557803,0.44415417791456696,0
0.8099999999999662,0.14642181777361235,0.04536109628235299,0.44415417791456735,0
0.8124999999999659,0.14658299737916028,0.045391437156615574,0.4441541779145677,0
0.8149999999999656,0.1467436679489883,0.04542171664976219,0.44415417791456757,0
0.8174999999999654,0.14690383161116297,0.04545193493264508,0.44415417791456746,0
0.8199999999999651,0.147063490483667,0.04548209217557431,0.44415417791456624,0
0.8224999999999648,0.14722264667445017,0.04551218854831965,0.4441541779145679,0
0.8249999999999645,0.14738130228148003,0.045542224220112254,0.44415417791456635,0
0.8274999999999643,0.14753945939279242,0.04557219935964667,0.4441541779145668,0
0.829999999999964,0.14769712008654212,0.045602114135082354,0.44415417791456735,0
0.8324999999999637,0.14785428643105236,0.04563196871404573,0.44415417791456724,0
0.8349999999999634,0.1480109604848651,0.045661763263631805,0.44415417791456663,0
0.8374999999999632,0.1481671442967897,0.0456914979504061,0.4441541779145667,0
0.8399999999999629,0.14832283990595305,0.04572117294040646,0.44415417791456635,0
0.8424999999999626,0.14847804934184788,0.04575078839914464,0.4441541779145677,0
0.8449999999999623,0.14863277462438176,0.0457803444916083,0.44415417791456757,0
0.8474999999999621,0.1487870177639254,0.045809841382262496,0.444154177914567,0
0.8499999999999618,0.1489407807613609,0.045839279235051794,0.44415417791456724,0
0.8524999999999615,0.14909406560812982,0.045868658213401636,0.44415417791456724,0
0.8549999999999612,0.14924687428628067,0.0458979784802205,0.4441541779145665,0
0.857499999999961,0.14939920876851642,0.04592724019790116,0.4441541779145669,0
0.8599999999999607,0.14955107101824155,0.04595644352832288,0.44415417791456707,0
0.8624999999999604,0.14970246298960924,0.045985588632852806,0.44415417791456674,0
0.8649999999999601,0.1498533866275678,0.04601467567234792,0.44415417791456724,0
0.8674999999999599,0.15000384386790727,0.04604370480715666,0.44415417791456707,0
0.8699999999999596,0.15015383663730555,0.04607267619712057,0.444154177914567,0
0.8724999999999593,0.15030336685337445,0.04610159000157604,0.4441541779145668,0
0.874999999999959,0.15045243642470554,0.046130446379356156,0.4441541779145666,0
0.8774999999999588,0.1506010472509148,0.04615924548879211,0.44415417791456613,0
0.8799999999999585,0.15074920122268903,0.04618798748771517,0.4441541779145668,0
0.8824999999999582,0.1508969002218301,0.04621667253345818,0.44415417791456613,0
0.8849999999999579,0.15104414612130007,0.0462453007828573,0.4441541779145661,0
0.8874999999999577,0.15119094078526524,0.04627387239225363,0.44415417791456785,0
0.8899999999999574,0.15133728606914118,0.04630238751749496,0.44415417791456624,0
0.8924999999999571,0.1514831838196357,0.046330846313937225,0.4441541779145671,0
0.8949999999999568,0.1516286358747939,0.04635924893644653,0.4441541779145665,0
0.8974999999999566,0.15177364406404084,0.04638759553940038,0.4441541779145678,0
0.8999999999999563,0.1519182102082258,0.04641588627668963,0.4441541779145683,0
0.902499999999956,0.15206233611966424,0.04644412130171997,0.4441541779145671,0
0.9049999999999557,0.1522060236021818,0.04647230076741353,0.4441541779145669,0
0.9074999999999555,0.15234927445115634,0.046500424826210626,0.44415417791456724,0
0.9099999999999552,0.1524920904535609,0.04652849363007125,0.4441541779145679,0
0.9124999999999549,0.15263447338800534,0.046556507330476775,0.444154177914568,0
0.9149999999999546,0.1527764250247789,0.0465844660784315,0.44415417791456724,0
0.9174999999999544,0.15291794712589163,0.04661237002446436,0.4441541779145677,0
0.9199999999999541,0.1530590414451163,0.04664021931863029,0.44415417791456807,0
0.9224999999999538,0.1531997097280295,0.04666801411051214,0.44415417791456724,0
0.9249999999999535,0.15333995371205295,0.04669575454922192,0.4441541779145667,0
0.9274999999999533,0.15347977512649427,0.04672344078340266,0.44415417791456585,0
0.929999999999953,0.153619175692588,0.046751072961229795,0.4441541779145675,0
0.9324999999999527,0.15375815712353552,0.04677865123041281,0.44415417791456685,0
0.9349999999999524,0.15389672112454597,0.04680617573819684,0.4441541779145666,0
0.9374999999999521,0.1540348693928764,0.046833646631364106,0.44415417791456724,0
0.9399999999999519,0.15417260361787077,0.046861064056235635,0.4441541779145664,0
0.9424999999999516,0.15430992548100056,0.04688842815867262,0.4441541779145666,0
0.9449999999999513,0.15444683665590356,0.04691573908407812,0.44415417791456646,0
0.947499999999951,0.15458333880842337,0.04694299697739848,0.44415417791456724,0
0.9499999999999508,0.15471943359664864,0.04697020198312495,0.4441541779145666,0
0.9524999999999505,0.154855122670952,0.04699735424529517,0.4441541779145663,0
0.9549999999999502,0.15499040767402789,0.047024453907494636,0.4441541779145667,0
0.95749999999995,0.15512529024093188,0.04705150111285834,0.44415417791456624,0
0.9599999999999497,0.15525977199911853,0.04707849600407214,0.4441541779145668,0
0.9624999999999494,0.15539385456847918,0.04710543872337439,0.44415417791456724,0
0.9649999999999491,0.1555275395613805,0.04713232941255728,0.444154177914567,0
0.9674999999999488,0.15566082858270128,0.04715916821296851,0.4441541779145667,0
0.9699999999999486,0.15579372322987053,0.047185955265512794,0.4441541779145669,0
0.9724999999999483,0.15592622509290432,0.04721269071065303,0.44415417791456624,0
0.974999999999948,0.15605833575444325,0.04723937468841206,0.444154177914567,0
0.9774999999999477,0.1561900567897886,0.04726600733837416,0.44415417791456635,0
0.9799999999999475,0.1563213897669397,0.047292588799686355,0.4441541779145665,0
0.9824999999999472,0.1564523362466301,0.04731911921105999,0.4441541779145668,0
0.9849999999999469,0.15658289778236412,0.04734559871077205,0.4441541779145668,0
0.9874999999999466,0.1567130759204522,0.04737202743666686,0.4441541779145671,0
0.9899999999999464,0.15684287220004756,0.04739840552615721,0.444154177914567,0
0.9924999999999461,0.1569722881531818,0.047424733116226137,0.4441541779145677,0
0.9949999999999458,0.1571013253048,0.047451010343428114,0.44415417791456724,0
0.9974999999999455,0.15722998517279677,0.047477237343890484,0.44415417791456707,0
0.9999999999999453,0.15735826926805066,0.04750341425331509,0.44415417791456646,0
1.002499999999945,0.15748617909445947,0.047529541206979525,0.4441541779145666,0
1.0049999999999448,0.1576137161489753,0.04755561833973858,0.4441541779145667,0
1.0074999999999446,0.15774088192163868,0.04758164578602574,0.44415417791456585,0
1.0099999999999443,0.15786767789561354,0.047607623679854376,0.4441541779145665,0
1.012499999999944,0.15799410554722085,0.04763355215481949,0.44415417791456707,0
1.0149999999999437,0.15812016634597312,0.04765943134409877,0.44415417791456735,0
1.0174999999999434,0.15824586175460822,0.04768526138045424,0.44415417791456724,0
1.0199999999999432,0.15837119322912313,0.04771104239623348,0.4441541779145667,0
1.022499999999943,0.15849616221880714,0.04773677452337109,0.44415417791456563,0
1.0249999999999426,0.15862077016627582,0.04776245789339001,0.444154177914567,0
1.0274999999999423,0.15874501850750372,0.047788092637403044,0.4441541779145666,0
1.029999999999942,0.15886890867185782,0.04781367888611398,0.4441541779145668,0
1.0324999999999418,0.1589924420821298,0.04783921676981917,0.4441541779145668,0
1.0349999999999415,0.15911562015456904,0.0478647064184088,0.4441541779145677,0
1.0374999999999412,0.15923844429891545,0.04789014796136829,0.4441541779145666,0
1.039999999999941,0.15936091591843157,0.04791554152777957,0.44415417791456824,0
1.0424999999999407,0.15948303640993425,0.047940887246322506,0.4441541779145678,0
1.0449999999999404,0.1596048071638273,0.047966185245276155,0.44415417791456624,0
1.0474999999999401,0.15972622956413327,0.047991435652520176,0.44415417791456635,0
1.0499999999999399,0.1598473049885249,0.04801663859553612,0.44415417791456563,0
1.0524999999999396,0.15996803480835653,0.048041794201408854,0.44415417791456757,0
1.0549999999999393,0.16008842038869575,0.04806690259682765,0.44415417791456774,0
1.057499999999939,0.16020846308835457,0.0480919639080878,0.4441541779145667,0
1.0599999999999388,0.16032816425992005,0.048116978261091695,0.44415417791456724,0
1.0624999999999385,0.16044752524978545,0.04814194578135032,0.44415417791456835,0
1.0649999999999382,0.16056654739818116,0.04816686659398434,0.444154177914566,0
1.067499999999938,0.16068523203920496,0.04819174082372561,0.4441541779145675,0
1.0699999999999377,0.16080358050085192,0.048216568594918366,0.4441541779145668,0
1.0724999999999374,0.16092159410504597,0.048241350031520476,0.4441541779145666,0
1.0749999999999371,0.16103927416766858,0.048266085257104865,0.444154177914566,0
1.0774999999999368,0.16115662199858938,0.0482907743948607,0.4441541779145664,0
1.0799999999999366,0.16127363890169563,0.04831541756759455,0.44415417791456613,0
1.0824999999999363,0.16139032617492202,0.04834001489773204,0.44415417791456746,0
1.084999999999936,0.16150668511028018,0.04836456650731865,0.44415417791456646,0
1.0874999999999357,0.1616227169938875,0.048389072518021325,0.4441541779145669,0
1.0899999999999355,0.16173842310599698,0.04841353305112955,0.44415417791456624,0
1.0924999999999352,0.16185380472102565,0.04843794822755666,0.44415417791456707,0
1.094999999999935,0.1619688631075837,0.04846231816784123,0.44415417791456624,0
1.0974999999999346,0.16208359952850293,0.04848664299214799,0.44415417791456624,0
1.0999999999999344,0.16219801524086566,0.04851092282026939,0.44415417791456724,0
1.102499999999934,0.16231211149603275,0.04853515777162669,0.4441541779145671,0
1.1049999999999338,0.16242588953967213,0.04855934796527126,0.4441541779145669,0
1.1074999999999335,0.16253935061178665,0.0485834935198857,0.4441541779145667,0
1.1099999999999333,0.16265249594674233,0.04860759455378515,0.444154177914566,0
1.112499999999933,0.16276532677329575,0.048631651184918495,0.44415417791456613,0
1.1149999999999327,0.16287784431462232,0.04865566353086971,0.44415417791456485,0
1.1174999999999324,0.1629900497883433,0.048679631708858716,0.4441541779145664,0
1.1199999999999322,0.1631019444065531,0.048703555835743005,0.44415417791456596,0
1.1224999999999319,0.1632135293758471,0.048727436028018524,0.4441541779145658,0
1.1249999999999316,0.16332480589734838,0.04875127240182116,0.44415417791456585,0
1.1274999999999313,0.1634357751667345,0.048775065072927754,0.44415417791456746,0
1.129999999999931,0.16354643837426458,0.04879881415675723,0.4441541779145669,0
1.1324999999999308,0.1636567967048062,0.04882251976837192,0.44415417791456624,0
1.1349999999999305,0.16376685133786129,0.04884618202247872,0.44415417791456646,0
1.1374999999999302,0.16387660344759294,0.04886980103343035,0.44415417791456646,0
1.13999999999993,0.16398605420285203,0.04889337691522626,0.44415417791456585,0
1.1424999999999297,0.16409520476720255,0.04891690978151408,0.4441541779145665,0
1.1449999999999294,0.16420405629894838,0.04894039974559073,0.44415417791456746,0
1.1474999999999291,0.1643126099511585,0.048963846920403446,0.4441541779145668,0
1.1499999999999289,0.164420866871693,0.048987251418551044,0.4441541779145667,0
1.1524999999999286,0.16452882820322892,0.049010613352285154,0.4441541779145658,0
1.1549999999999283,0.16463649508328537,0.04903393283351121,0.4441541779145667,0
1.157499999999928,0.16474386864424903,0.04905720997378968,0.44415417791456685,0
1.1599999999999278,0.16485095001339933,0.04908044488433722,0.4441541779145658,0
1.1624999999999275,0.16495774031293323,0.049103637676027795,0.44415417791456624,0
1.1649999999999272,0.16506424065999073,0.049126788459393826,0.4441541779145663,0
1.167499999999927,0.1651704521666794,0.049149897344627255,0.4441541779145666,0
1.1699999999999267,0.1652763759400987,0.049172964441580806,0.4441541779145658,0
1.1724999999999264,0.1653820130823653,0.04919598985976892,0.4441541779145663,0
1.174999999999926,0.16548736469063677,0.049218973708369175,0.44415417791456707,0
1.1774999999999258,0.16559243185713646,0.04924191609622302,0.4441541779145666,0
1.1799999999999256,0.16569721566917736,0.04926481713183723,0.444154177914567,0
1.1824999999999253,0.16580171720918607,0.04928767692338475,0.44415417791456674,0
1.184999999999925,0.16590593755472724,0.04931049557870599,0.44415417791456635,0
1.1874999999999247,0.16600987777852663,0.04933327320530986,0.44415417791456646,0
1.1899999999999245,0.16611353894849554,0.049356009910374796,0.4441541779145671,0
1.1924999999999242,0.16621692212775385,0.049378705800749996,0.44415417791456774,0
1.194999999999924,0.16632002837465346,0.049401360982956465,0.44415417791456724,0
1.1974999999999236,0.1664228587428023,0.049423975563187936,0.444154177914566,0
1.1999999999999234,0.16652541428108672,0.04944654964731218,0.44415417791456735,0
1.202499999999923,0.16662769603369498,0.049469083340871946,0.44415417791456624,0
1.2049999999999228,0.16672970504013973,0.04949157674908609,0.44415417791456663,0
1.2074999999999225,0.16683144233528194,0.049514029976850685,0.44415417791456646,0
1.2099999999999222,0.1669329089493525,0.04953644312874003,0.44415417791456724,0
1.212499999999922,0.16703410590797518,0.04955881630900768,0.44415417791456674,0
1.2149999999999217,0.16713503423218956,0.04958114962158748,0.4441541779145678,0
1.2174999999999214,0.16723569493847285,0.04960344317009488,0.444154177914566,0
1.2199999999999211,0.16733608903876224,0.049625697057827725,0.4441541779145663,0
1.2224999999999209,0.16743621754047736,0.04964791138776728,0.4441541779145667,0
1.2249999999999206,0.16753608144654203,0.04967008626257953,0.4441541779145663,0
1.2274999999999203,0.1676356817554063,0.04969222178461596,0.44415417791456696,0
1.22999999999992,0.1677350194610683,0.049714318055914676,0.44415417791456746,0
1.2324999999999198,0.16783409555309586,0.049736375178201654,0.4441541779145662,0
1.2349999999999195,0.16793291101664815,0.04975839325289131,0.44415417791456635,0
1.2374999999999192,0.16803146683249687,0.04978037238108807,0.44415417791456613,0
1.239999999999919,0.1681297639770482,0.04980231266358686,0.4441541779145666,0
1.2424999999999187,0.16822780342236354,0.04982421420087458,0.4441541779145658,0
1.2449999999999184,0.16832558613618093,0.049846077093130915,0.4441541779145675,0
1.2474999999999181,0.16842311308193583,0.04986790144022934,0.44415417791456746,0
1.2499999999999178,0.1685203852187825,0.049889687341738084,0.44415417791456635,0
1.2524999999999176,0.16861740350161433,0.049911434896921326,0.44415417791456596,0
1.2549999999999173,0.16871416888108465,0.04993314420474001,0.44415417791456757,0
1.257499999999917,0.16881068230362778,0.049954815363852906,0.44415417791456724,0
1.2599999999999167,0.16890694471147888,0.049976448472617736,0.44415417791456735,0
1.2624999999999165,0.16900295704269508,0.04999804362909188,0.44415417791456613,0
1.2649999999999162,0.169098720231175,0.05001960093103369,0.4441541779145669,0
1.267499999999916,0.1691942352066795,0.050041120475903214,0.4441541779145666,0
1.2699999999999156,0.16928950289485162,0.050062602360863344,0.4441541779145669,0
1.2724999999999154,0.16938452421723618,0.05008404668278065,0.44415417791456613,0
1.274999999999915,0.1694793000913004,0.050105453538226555,0.4441541779145667,0
1.2774999999999148,0.16957383143045307,0.050126823023478144,0.4441541779145675,0
1.2799999999999145,0.1696681191440647,0.05014815523451923,0.4441541779145664,0
1.2824999999999143,0.16976216413748654,0.05016945026704116,0.444154177914567,0
1.284999999999914,0.16985596731207062,0.05019070821644403,0.4441541779145663,0
1.2874999999999137,0.16994952956518874,0.05021192917783743,0.4441541779145667,0
1.2899999999999134,0.1700428517902518,0.05023311324604148,0.4441541779145656,0
1.2924999999999132,0.1701359348767292,0.05025426051558787,0.44415417791456646,0
1.2949999999999129,0.1702287797101677,0.050275371080720624,0.4441541779145668,0
1.2974999999999126,0.17032138717221057,0.05029644503539712,0.44415417791456663,0
1.2999999999999123,0.1704137581406162,0.05031748247328918,0.44415417791456757,0
1.302499999999912,0.17050589348927742,0.05033848348778384,0.444154177914567,0
1.3049999999999118,0.17059779408823947,0.050359448171984206,0.4441541779145656,0
1.3074999999999115,0.17068946080371936,0.050380376618710705,0.4441541779145658,0
1.3099999999999112,0.17078089449812373,0.05040126892050173,0.444154177914566,0
1.312499999999911,0.17087209603006773,0.05042212516961467,0.44415417791456646,0
1.3149999999999107,0.1709630662543928,0.050442945458026786,0.4441541779145659,0
1.3174999999999104,0.17105380602218603,0.05046372987743633,0.44415417791456663,0
1.3199999999999101,0.17114431618079642,0.050484478519263125,0.4441541779145672,0
1.3224999999999099,0.17123459757385484,0.050505191474649706,0.4441541779145671,0
1.3249999999999096,0.17132465104129074,0.05052586883446225,0.4441541779145669,0
1.3274999999999093,0.17141447741935043,0.0505465106892914,0.44415417791456635,0
1.329999999999909,0.17150407754061486,0.05056711712945316,0.4441541779145678,0
1.3324999999999088,0.1715934522340172,0.05058768824498974,0.4441541779145668,0
1.3349999999999085,0.17168260232486054,0.0506082241256707,0.4441541779145677,0
1.3374999999999082,0.17177152863483497,0.050628724860993714,0.4441541779145662,0
1.339999999999908,0.17186023198203587,0.05064919054018519,0.4441541779145671,0
1.3424999999999077,0.17194871318098012,0.05066962125220165,0.4441541779145657,0
1.3449999999999074,0.17203697304262433,0.05069001708573031,0.44415417791456613,0
1.347499999999907,0.17212501237438116,0.05071037812918998,0.4441541779145666,0
1.3499999999999068,0.17221283198013695,0.05073070447073195,0.44415417791456624,0
1.3524999999999066,0.17230043266026837,0.050750996198241055,0.444154177914567,0
1.3549999999999063,0.17238781521165936,0.05077125339933626,0.4441541779145672,0
1.357499999999906,0.172474980427718,0.050791476161371835,0.444154177914567,0
1.3599999999999057,0.17256192909839327,0.05081166457143788,0.4441541779145659,0
1.3624999999999055,0.17264866201019147,0.0508318187163615,0.444154177914566,0
1.3649999999999052,0.17273517994619292,0.05085193868270752,0.44415417791456635,0
1.367499999999905,0.1728214836860682,0.05087202455677924,0.44415417791456574,0
1.3699999999999046,0.1729075740060947,0.0508920764246196,0.44415417791456685,0
1.3724999999999044,0.17299345167917304,0.050912094372011794,0.44415417791456624,0
1.374999999999904,0.1730791174748431,0.050932078484480135,0.4441541779145666,0
1.3774999999999038,0.17316457215929987,0.050952028847290956,0.44415417791456724,0
1.3799999999999035,0.17324981649541016,0.05097194554545349,0.44415417791456646,0
1.3824999999999033,0.17333485124272782,0.05099182866372067,0.4441541779145662,0
1.384999999999903,0.1734196771575102,0.05101167828658994,0.44415417791456663,0
1.3874999999999027,0.1735042949927338,0.051031494498304054,0.4441541779145659,0
1.3899999999999024,0.17358870549810956,0.05105127738285211,0.44415417791456635,0
1.3924999999999021,0.1736729094200989,0.05107102702397014,0.4441541779145667,0
1.3949999999999019,0.17375690750192943,0.05109074350514216,0.4441541779145665,0
1.3974999999999016,0.17384070048361006,0.051110426909600715,0.4441541779145671,0
1.3999999999999013,0.17392428910194654,0.0511300773203279,0.4441541779145665,0
1.402499999999901,0.17400767409055676,0.05114969482005631,0.4441541779145677,0
1.4049999999999008,0.17409085617988623,0.05116927949126956,0.4441541779145661,0
1.4074999999999005,0.1741738360972227,0.05118883141620316,0.4441541779145664,0
1.4099999999999002,0.17425661456671182,0.05120835067684557,0.44415417791456646,0
1.4124999999999,0.17433919230937167,0.05122783735493867,0.444154177914566,0
1.4149999999998997,0.17442157004310813,0.051247291531978836,0.4441541779145667,0
1.4174999999998994,0.17450374848272956,0.05126671328921758,0.44415417791456585,0
1.4199999999998991,0.17458572833996158,0.05128610270766247,0.4441541779145658,0
1.4224999999998988,0.17466751032346162,0.05130545986807779,0.4441541779145663,0
1.4249999999998986,0.17474909513883397,0.051324784850985475,0.44415417791456613,0
1.4274999999998983,0.17483048348864386,0.05134407773666575,0.44415417791456685,0
1.429999999999898,0.1749116760724323,0.05136333860515809,0.4441541779145666,0
1.4324999999998977,0.1749926735867301,0.05138256753626192,0.4441541779145662,0
1.4349999999998975,0.17507347672507295,0.05140176460953734,0.44415417791456635,0
1.4374999999998972,0.1751540861780148,0.051420929904306065,0.44415417791456646,0
1.439999999999897,0.17523450263314258,0.05144006349965195,0.444154177914567,0
1.4424999999998966,0.17531472677509025,0.05145916547442206,0.4441541779145667,0
1.4449999999998964,0.1753947592855531,0.05147823590722725,0.444154177914567,0
1.447499999999896,0.1754746008433009,0.05149727487644303,0.44415417791456646,0
1.4499999999998958,0.1755542521241929,0.05151628246021018,0.44415417791456674,0
1.4524999999998955,0.17563371380119075,0.05153525873643583,0.44415417791456646,0
1.4549999999998953,0.17571298654437267,0.05155420378279382,0.44415417791456635,0
1.457499999999895,0.1757920710209475,0.05157311767672579,0.44415417791456724,0
1.4599999999998947,0.17587096789526757,0.05159200049544175,0.4441541779145666,0
1.4624999999998944,0.1759496778288431,0.0516108523159209,0.44415417791456646,0
1.4649999999998942,0.1760282014803549,0.05162967321491236,0.44415417791456513,0
1.467499999999894,0.17610653950566837,0.051648463268936046,0.4441541779145668,0
1.4699999999998936,0.17618469255784638,0.05166722255428314,0.4441541779145667,0
1.4724999999998933,0.17626266128716336,0.051685951147017115,0.4441541779145661,0
1.474999999999893,0.1763404463411173,0.05170464912297436,0.4441541779145669,0
1.4774999999998928,0.17641804836444436,0.051723316557764916,0.44415417791456646,0
1.4799999999998925,0.17649546799913057,0.05174195352677318,0.44415417791456524,0
1.4824999999998922,0.17657270588442592,0.05176056010515868,0.44415417791456585,0
1.484999999999892,0.1766497626568567,0.05177913636785683,0.4441541779145666,0
1.4874999999998917,0.17672663895023863,0.05179768238957969,0.44415417791456646,0
1.4899999999998914,0.17680333539568974,0.051816198244816605,0.4441541779145662,0
1.4924999999998911,0.17687985262164294,0.05183468400783489,0.4441541779145659,0
1.4949999999998909,0.17695619125385892,0.05185313975268075,0.4441541779145667,0
1.4974999999998906,0.1770323519154387,0.05187156555317978,0.444154177914566,0
1.4999999999998903,0.17710833522683628,0.051889961482937855,0.4441541779145658,0
1.50249999999989,0.1771841418058707,0.051908327615341684,0.4441541779145656,0
1.5049999999998898,0.17725977226773929,0.051926664023559686,0.4441541779145663,0
1.5074999999998895,0.17733522722502956,0.051944970780542596,0.4441541779145655,0
1.5099999999998892,0.17741050728773144,0.05196324795902419,0.4441541779145668,0
1.512499999999889,0.17748561306324973,0.05198149563152198,0.4441541779145655,0
1.5149999999998887,0.1775605451564164,0.051999713870338,0.44415417791456624,0
1.5174999999998884,0.17763530416950252,0.05201790274755935,0.4441541779145669,0
1.519999999999888,0.17770989070223028,0.05203606233505907,0.4441541779145666,0
1.5224999999998878,0.17778430535178527,0.05205419270449672,0.4441541779145664,0
1.5249999999998876,0.17785854871282833,0.05207229392731906,0.44415417791456646,0
1.5274999999998873,0.1779326213775075,0.05209036607476083,0.4441541779145666,0
1.529999999999887,0.17800652393546956,0.052108409217845424,0.4441541779145659,0
1.5324999999998867,0.17808025697387211,0.05212642342738549,0.4441541779145667,0
1.5349999999998865,0.17815382107739502,0.052144408773983714,0.4441541779145669,0
1.5374999999998862,0.17822721682825254,0.05216236532803343,0.4441541779145665,0
1.539999999999886,0.1783004448062047,0.0521802931597193,0.44415417791456646,0
1.5424999999998856,0.17837350558856835,0.05219819233901804,0.4441541779145663,0
1.5449999999998854,0.1784463997502295,0.05221606293569913,0.4441541779145667,0
1.547499999999885,0.17851912786365415,0.05223390501932535,0.4441541779145663,0
1.5499999999998848,0.17859169049889984,0.052251718659253515,0.4441541779145671,0
1.5524999999998845,0.17866408822362675,0.052269503924635294,0.44415417791456663,0
1.5549999999998843,0.17873632160310962,0.05228726088441756,0.4441541779145672,0
1.557499999999884,0.17880839120024808,0.0523049896073433,0.44415417791456746,0
1.5599999999998837,0.17888029757557844,0.0523226901619523,0.4441541779145672,0
1.5624999999998834,0.17895204128728448,0.0523403626165815,0.4441541779145666,0
1.5649999999998832,0.1790236228912084,0.05235800703936613,0.4441541779145666,0
1.5674999999998829,0.1790950429408621,0.0523756234982399,0.4441541779145668,0
1.5699999999998826,0.17916630198743774,0.05239321206093584,0.44415417791456596,0
1.5724999999998823,0.17923740057981916,0.05241077279498705,0.4441541779145661,0
1.574999999999882,0.17930833926459203,0.05242830576772731,0.444154177914567,0
1.5774999999998818,0.17937911858605513,0.05244581104629151,0.4441541779145668,0
1.5799999999998815,0.17944973908623052,0.052463288697616496,0.44415417791456635,0
1.5824999999998812,0.1795202013048749,0.05248073878844173,0.4441541779145658,0
1.584999999999881,0.17959050577948965,0.05249816138530985,0.4441541779145659,0
1.5874999999998807,0.17966065304533144,0.0525155565545673,0.4441541779145659,0
1.5899999999998804,0.17973064363542313,0.052532924362364966,0.44415417791456546,0
1.5924999999998801,0.17980047808056354,0.052550264874658914,0.44415417791456613,0
1.5949999999998798,0.1798701569093385,0.052567578157210824,0.4441541779145654,0
1.5974999999998796,0.17993968064813068,0.05258486427558883,0.44415417791456613,0
1.5999999999998793,0.18000904982113017,0.052602123295168016,0.44415417791456585,0
1.602499999999879,0.18007826495034485,0.052619355281131035,0.4441541779145654,0
1.6049999999998787,0.18014732655561,0.052636560298468825,0.444154177914566,0
1.6074999999998785,0.1802162351545991,0.052653738411981094,0.4441541779145663,0
1.6099999999998782,0.18028499126283334,0.052670889686277075,0.4441541779145671,0
1.612499999999878,0.18035359539369206,0.05268801418577607,0.4441541779145665,0
1.6149999999998776,0.18042204805842255,0.052705111974708084,0.44415417791456635,0
1.6174999999998774,0.18049034976615,0.052722183117114414,0.44415417791456696,0
1.619999999999877,0.18055850102388746,0.052739227676848265,0.44415417791456635,0
1.6224999999998768,0.18062650233654534,0.05275624571757532,0.4441541779145655,0
1.6249999999998765,0.18069435420694185,0.05277323730277444,0.44415417791456535,0
1.6274999999998763,0.18076205713581203,0.05279020249573819,0.444154177914566,0
1.629999999999876,0.18082961162181777,0.05280714135957353,0.44415417791456663,0
1.6324999999998757,0.18089701816155768,0.05282405395720226,0.4441541779145666,0
1.6349999999998754,0.1809642772495763,0.05284094035136172,0.44415417791456524,0
1.6374999999998752,0.18103138937837365,0.05285780060460542,0.4441541779145666,0
1.639999999999875,0.18109835503841482,0.05287463477930353,0.44415417791456524,0
1.6424999999998746,0.18116517471813953,0.05289144293764356,0.4441541779145668,0
1.6449999999998743,0.18123184890397157,0.05290822514163094,0.44415417791456685,0
1.647499999999874,0.1812983780803278,0.05292498145308944,0.4441541779145674,0
1.6499999999998738,0.18136476272962784,0.052941711933662115,0.44415417791456785,0
1.6524999999998735,0.18143100333230294,0.05295841664481144,0.44415417791456624,0
1.6549999999998732,0.1814971003668058,0.05297509564782021,0.4441541779145665,0
1.657499999999873,0.18156305430961903,0.05299174900379214,0.44415417791456624,0
1.6599999999998727,0.18162886563526492,0.05300837677365216,0.44415417791456685,0
1.6624999999998724,0.18169453481631384,0.05302497901814723,0.44415417791456674,0
1.6649999999998721,0.1817600623233937,0.053041555797846765,0.44415417791456746,0
1.6674999999998719,0.18182544862519937,0.053058107173143486,0.4441541779145669,0
1.6699999999998716,0.18189069418850037,0.053074633204253624,0.44415417791456646,0
1.6724999999998713,0.1819557994781513,0.05309113395121762,0.44415417791456635,0
1.674999999999871,0.1820207649570993,0.053107609473900835,0.4441541779145672,0
1.6774999999998708,0.1820855910863937,0.05312405983199394,0.44415417791456757,0
1.6799999999998705,0.18215027832519484,0.0531404850850135,0.4441541779145666,0
1.6824999999998702,0.18221482713078216,0.05315688529230269,0.4441541779145666,0
1.68499999999987,0.1822792379585635,0.0531732605130316,0.444154177914566,0
1.6874999999998697,0.1823435112620833,0.05318961080619799,0.44415417791456574,0
1.6899999999998694,0.18240764749303165,0.05320593623062775,0.4441541779145666,0
1.692499999999869,0.18247164710125213,0.053222236844975485,0.44415417791456596,0
1.6949999999998688,0.1825355105347513,0.053238512707725144,0.4441541779145659,0
1.6974999999998686,0.18259923823970622,0.05325476387719037,0.44415417791456635,0
1.6999999999998683,0.18266283066047362,0.05327099041151517,0.44415417791456696,0
1.702499999999868,0.1827262882395976,0.0532871923686745,0.44415417791456535,0
1.7049999999998677,0.1827896114178188,0.05330336980647476,0.44415417791456596,0
1.7074999999998675,0.18285280063408169,0.0533195227825543,0.4441541779145677,0
1.7099999999998672,0.18291585632554397,0.05333565135438402,0.4441541779145666,0
1.712499999999867,0.1829787789275837,0.053351755579267884,0.44415417791456746,0
1.7149999999998666,0.18304156887380815,0.05336783551434341,0.4441541779145666,0
1.7174999999998664,0.18310422659606168,0.05338389121658229,0.44415417791456746,0
1.719999999999866,0.18316675252443423,0.053399922742790866,0.4441541779145668,0
1.7224999999998658,0.1832291470872687,0.05341593014961063,0.44415417791456524,0
1.7249999999998655,0.18329141071116975,0.053431913493518814,0.44415417791456646,0
1.7274999999998653,0.18335354382101082,0.053447872830828996,0.4441541779145666,0
1.729999999999865,0.18341554683994304,0.053463808217691394,0.44415417791456524,0
1.7324999999998647,0.18347742018940263,0.053479719710093576,0.44415417791456535,0
1.7349999999998644,0.18353916428911882,0.053495607363860935,0.44415417791456624,0
1.7374999999998642,0.1836007795571216,0.05351147123465718,0.4441541779145668,0
1.7399999999998639,0.18366226640974975,0.053527311377984874,0.4441541779145668,0
1.7424999999998636,0.18372362526165856,0.053543127849185926,0.4441541779145674,0
1.7449999999998633,0.183784856525827,0.05355892070344222,0.4441541779145671,0
1.747499999999863,0.18384596061356634,0.053574689995775936,0.4441541779145664,0
1.7499999999998628,0.18390693793452675,0.053590435781050175,0.4441541779145669,0
