model,run_dir,snr_lo,snr_hi,snr_bin,quantity,rank,event_idx,source,n_steps,snr,true_P,pred_P,true_Q,pred_Q,abs_residual
LSTM,lstm_result_v9,5.0,10.0,5–10,P,1,818,ssRF,14,9.9630055,0.19823171,0.19876194,0.034723945,0.034866385,0.0005302299999999927
LSTM,lstm_result_v9,5.0,10.0,5–10,P,2,389688,optimal profile,9,8.6176732,0.19583207,0.19630896,0.039098427,0.039030246,0.0004768900000000076
LSTM,lstm_result_v9,5.0,10.0,5–10,P,3,21139,ssRF,34,8.3175,0.22322264,0.22343746,0.041699521,0.041800067,0.00021482000000000445
LSTM,lstm_result_v9,5.0,10.0,5–10,P,4,1868,ssRF,59,8.509244,0.19699536,0.19716023,0.036222048,0.036259487,0.00016486999999998364
LSTM,lstm_result_v9,5.0,10.0,5–10,P,5,1411,ssRF,4,9.4969117,0.19953115,0.19938464,0.031386331,0.031364478,0.0001465099999999886
LSTM,lstm_result_v9,5.0,10.0,5–10,Q,1,818,ssRF,14,9.9630055,0.19823171,0.19876194,0.034723945,0.034866385,0.00014244000000000062
LSTM,lstm_result_v9,5.0,10.0,5–10,Q,2,216,ssRF,15,8.9864367,0.19916064,0.19916984,0.031926394,0.032032818,0.0001064240000000008
LSTM,lstm_result_v9,5.0,10.0,5–10,Q,3,21139,ssRF,34,8.3175,0.22322264,0.22343746,0.041699521,0.041800067,0.00010054599999999997
LSTM,lstm_result_v9,5.0,10.0,5–10,Q,4,22523,ssRF,11,9.9889658,0.22387651,0.22387421,0.040936895,0.041020103,8.320800000000128e-05
LSTM,lstm_result_v9,5.0,10.0,5–10,Q,5,21310,ssRF,4,8.7608747,0.22454658,0.22454792,0.039430529,0.039511316,8.078699999999883e-05
LSTM,lstm_result_v9,10.0,15.0,10–15,P,1,389894,optimal profile,14,14.641113,0.21831241,0.21993585,0.052411765,0.052302711,0.001623439999999976
LSTM,lstm_result_v9,10.0,15.0,10–15,P,2,22110,ssRF,0,10.110308,0.22499999,0.22401088,0.038336158,0.038331836,0.0009891100000000153
LSTM,lstm_result_v9,10.0,15.0,10–15,P,3,610,ssRF,7,12.171439,0.19907215,0.20003517,0.032603323,0.032674506,0.0009630200000000089
LSTM,lstm_result_v9,10.0,15.0,10–15,P,4,40831,ssRF,28,13.139513,0.24889356,0.24977481,0.04891707,0.049166128,0.0008812500000000001
LSTM,lstm_result_v9,10.0,15.0,10–15,P,5,41407,ssRF,1,12.756402,0.24981682,0.25052249,0.047910139,0.048362166,0.0007056699999999916
LSTM,lstm_result_v9,10.0,15.0,10–15,Q,1,390496,optimal profile,13,13.824858,0.29280606,0.29302222,0.083823361,0.083052419,0.0007709419999999967
LSTM,lstm_result_v9,10.0,15.0,10–15,Q,2,390300,optimal profile,18,14.660861,0.26574463,0.26583666,0.076826178,0.077514619,0.0006884410000000118
LSTM,lstm_result_v9,10.0,15.0,10–15,Q,3,799,ssRF,196,12.681746,0.19425724,0.19418511,0.040907376,0.041566484,0.0006591079999999985
LSTM,lstm_result_v9,10.0,15.0,10–15,Q,4,389716,optimal profile,37,13.752044,0.1860476,0.18543702,0.058069572,0.058706366,0.000636794000000003
LSTM,lstm_result_v9,10.0,15.0,10–15,Q,5,825,ssRF,21,10.981155,0.19767688,0.19721487,0.036013491,0.035386287,0.0006272039999999993
LSTM,lstm_result_v9,15.0,20.0,15–20,P,1,78230,ssRF,41,18.948164,0.29571104,0.29358694,0.078172863,0.075170346,0.002124099999999962
LSTM,lstm_result_v9,15.0,20.0,15–20,P,2,77799,ssRF,12,16.129202,0.29903105,0.29983813,0.070522889,0.070858397,0.00080707999999996
LSTM,lstm_result_v9,15.0,20.0,15–20,P,3,60139,ssRF,40,17.081599,0.27175087,0.27236301,0.064373389,0.06457556,0.0006121400000000388
LSTM,lstm_result_v9,15.0,20.0,15–20,P,4,41918,ssRF,110,17.139406,0.24386175,0.24326982,0.059854478,0.059757806,0.0005919299999999905
LSTM,lstm_result_v9,15.0,20.0,15–20,P,5,22088,ssRF,179,17.507865,0.21827339,0.21770714,0.05124189,0.050595731,0.0005662500000000181
LSTM,lstm_result_v9,15.0,20.0,15–20,Q,1,78230,ssRF,41,18.948164,0.29571104,0.29358694,0.078172863,0.075170346,0.003002516999999996
LSTM,lstm_result_v9,15.0,20.0,15–20,Q,2,60671,ssRF,170,18.224848,0.26737431,0.26706192,0.071668036,0.070594899,0.0010731370000000018
LSTM,lstm_result_v9,15.0,20.0,15–20,Q,3,390699,optimal profile,15,18.57623,0.31657961,0.31636804,0.098471031,0.099387236,0.0009162050000000033
LSTM,lstm_result_v9,15.0,20.0,15–20,Q,4,390722,optimal profile,38,18.027464,0.30677712,0.30671465,0.11696205,0.1177637,0.000801650000000001
LSTM,lstm_result_v9,15.0,20.0,15–20,Q,5,22088,ssRF,179,17.507865,0.21827339,0.21770714,0.05124189,0.050595731,0.0006461590000000003
LSTM,lstm_result_v9,20.0,25.0,20–25,P,1,157182,ssRF,0,23.250071,0.42500001,0.42432794,0.14039655,0.14042096,0.0006720699999999691
LSTM,lstm_result_v9,20.0,25.0,20–25,P,2,390713,optimal profile,29,23.270986,0.31023875,0.30966803,0.11073458,0.11144309,0.0005707200000000245
LSTM,lstm_result_v9,20.0,25.0,20–25,P,3,95482,ssRF,7,24.026044,0.32364374,0.3231011,0.084202513,0.08400625,0.0005426400000000386
LSTM,lstm_result_v9,20.0,25.0,20–25,P,4,127238,ssRF,5,24.407176,0.37418219,0.37471354,0.11025292,0.11060427,0.000531349999999986
LSTM,lstm_result_v9,20.0,25.0,20–25,P,5,390726,optimal profile,42,21.948205,0.30537003,0.30486697,0.11938193,0.12041086,0.0005030599999999996
LSTM,lstm_result_v9,20.0,25.0,20–25,Q,1,390726,optimal profile,42,21.948205,0.30537003,0.30486697,0.11938193,0.12041086,0.0010289299999999973
LSTM,lstm_result_v9,20.0,25.0,20–25,Q,2,391303,optimal profile,16,24.80317,0.39069316,0.39074883,0.14316675,0.14228149,0.0008852599999999988
LSTM,lstm_result_v9,20.0,25.0,20–25,Q,3,391108,optimal profile,22,24.373277,0.36281833,0.3630136,0.13339438,0.13255997,0.0008344100000000076
LSTM,lstm_result_v9,20.0,25.0,20–25,Q,4,390908,optimal profile,23,20.500165,0.33753639,0.33706924,0.11963964,0.12044013,0.0008004900000000009
LSTM,lstm_result_v9,20.0,25.0,20–25,Q,5,391726,optimal profile,37,24.244152,0.43875277,0.43900049,0.18123841,0.18047246,0.0007659499999999875
LSTM,lstm_result_v9,25.0,30.0,25–30,P,1,171008,ssRF,158,26.240629,0.44002074,0.44363022,0.17330322,0.1759934,0.0036094799999999982
LSTM,lstm_result_v9,25.0,30.0,25–30,P,2,184325,ssRF,8,26.75467,0.47309688,0.47232765,0.18145205,0.18095799,0.0007692300000000096
LSTM,lstm_result_v9,25.0,30.0,25–30,P,3,209647,ssRF,4,29.819167,0.52420366,0.52471805,0.22031236,0.22031492,0.0005143900000000867
LSTM,lstm_result_v9,25.0,30.0,25–30,P,4,127060,ssRF,28,25.552423,0.3726902,0.37319574,0.11229631,0.1123778,0.000505539999999971
LSTM,lstm_result_v9,25.0,30.0,25–30,P,5,391727,optimal profile,38,28.315196,0.43849054,0.43899471,0.18174534,0.18132603,0.000504170000000026
LSTM,lstm_result_v9,25.0,30.0,25–30,Q,1,171008,ssRF,158,26.240629,0.44002074,0.44363022,0.17330322,0.1759934,0.0026901799999999865
LSTM,lstm_result_v9,25.0,30.0,25–30,Q,2,209653,ssRF,10,26.963232,0.52319211,0.52361727,0.2222691,0.22292292,0.0006538199999999994
LSTM,lstm_result_v9,25.0,30.0,25–30,Q,3,391503,optimal profile,15,27.53601,0.41619954,0.41570544,0.15868659,0.15928534,0.000598750000000009
LSTM,lstm_result_v9,25.0,30.0,25–30,Q,4,391579,optimal profile,91,27.72944,0.39069611,0.39062667,0.19972251,0.2002463,0.0005237899999999962
LSTM,lstm_result_v9,25.0,30.0,25–30,Q,5,391946,optimal profile,55,27.531566,0.45946461,0.45944601,0.20816824,0.2086764,0.0005081600000000075
LSTM,lstm_result_v9,30.0,35.0,30–35,P,1,392722,optimal profile,23,31.37295,0.56844902,0.56788558,0.27909523,0.27943805,0.0005634399999999706
LSTM,lstm_result_v9,30.0,35.0,30–35,P,2,392736,optimal profile,37,31.228271,0.56495333,0.56551564,0.28590623,0.28593963,0.0005623099999999548
LSTM,lstm_result_v9,30.0,35.0,30–35,P,3,392739,optimal profile,40,32.484844,0.56424701,0.56372112,0.28724506,0.28742498,0.0005258900000000288
LSTM,lstm_result_v9,30.0,35.0,30–35,P,4,391510,optimal profile,22,33.332604,0.41269216,0.41220486,0.16555169,0.16623122,0.0004872999999999683
LSTM,lstm_result_v9,30.0,35.0,30–35,P,5,243432,ssRF,21,32.774543,0.59661067,0.59613597,0.29698116,0.29691058,0.0004747000000000501
LSTM,lstm_result_v9,30.0,35.0,30–35,Q,1,392324,optimal profile,29,30.816156,0.5163694,0.51671922,0.23644084,0.23569173,0.000749110000000025
LSTM,lstm_result_v9,30.0,35.0,30–35,Q,2,392107,optimal profile,14,30.021445,0.49549407,0.49569753,0.20672433,0.20602784,0.0006964900000000218
LSTM,lstm_result_v9,30.0,35.0,30–35,Q,3,391510,optimal profile,22,33.332604,0.41269216,0.41220486,0.16555169,0.16623122,0.0006795300000000115
LSTM,lstm_result_v9,30.0,35.0,30–35,Q,4,156987,ssRF,6,31.256941,0.42359114,0.42350817,0.14376189,0.14312138,0.0006405100000000108
LSTM,lstm_result_v9,30.0,35.0,30–35,Q,5,392599,optimal profile,102,33.989324,0.52662349,0.52683663,0.28481758,0.28544351,0.0006259299999999968
LSTM,lstm_result_v9,35.0,40.0,35–40,P,1,392102,optimal profile,9,35.752266,0.49704817,0.49755096,0.20348936,0.20337754,0.0005027899999999752
LSTM,lstm_result_v9,35.0,40.0,35–40,P,2,184896,ssRF,177,37.024024,0.46331167,0.46281397,0.19480531,0.19450407,0.0004976999999999898
LSTM,lstm_result_v9,35.0,40.0,35–40,P,3,392724,optimal profile,25,35.301849,0.56792861,0.56837928,0.28012785,0.27979177,0.0004506700000000974
LSTM,lstm_result_v9,35.0,40.0,35–40,P,4,392596,optimal profile,99,36.832891,0.52711284,0.52755892,0.28408709,0.28465235,0.00044608000000001535
LSTM,lstm_result_v9,35.0,40.0,35–40,P,5,232759,ssRF,1,39.329033,0.57478446,0.57521194,0.26603723,0.26625341,0.0004274799999999246
LSTM,lstm_result_v9,35.0,40.0,35–40,Q,1,392535,optimal profile,38,39.401614,0.53935534,0.53902549,0.26301759,0.26383018,0.0008125900000000019
LSTM,lstm_result_v9,35.0,40.0,35–40,Q,2,392977,optimal profile,76,35.679716,0.58247852,0.58280408,0.32455468,0.32374805,0.0008066299999999749
LSTM,lstm_result_v9,35.0,40.0,35–40,Q,3,221706,ssRF,3,37.561756,0.54915941,0.54920173,0.24336171,0.24272671,0.0006349999999999967
LSTM,lstm_result_v9,35.0,40.0,35–40,Q,4,392596,optimal profile,99,36.832891,0.52711284,0.52755892,0.28408709,0.28465235,0.0005652600000000119
LSTM,lstm_result_v9,35.0,40.0,35–40,Q,5,392727,optimal profile,28,37.296382,0.56716144,0.56715143,0.28163844,0.28213707,0.0004986299999999999
LSTM,lstm_result_v9,40.0,45.0,40–45,P,1,243426,ssRF,15,44.788804,0.59737688,0.5979768,0.29585537,0.29658431,0.000599919999999976
LSTM,lstm_result_v9,40.0,45.0,40–45,P,2,243428,ssRF,17,40.469996,0.59710783,0.59655309,0.29626486,0.29633567,0.000554739999999998
LSTM,lstm_result_v9,40.0,45.0,40–45,P,3,392608,optimal profile,111,40.448073,0.52520633,0.52574754,0.28687462,0.28697419,0.0005412099999999587
LSTM,lstm_result_v9,40.0,45.0,40–45,P,4,392075,optimal profile,184,40.536074,0.43930691,0.43978843,0.23696621,0.23687799,0.00048152000000001305
LSTM,lstm_result_v9,40.0,45.0,40–45,P,5,392948,optimal profile,47,43.303027,0.58815056,0.58858597,0.31467718,0.31409723,0.00043541000000002494
LSTM,lstm_result_v9,40.0,45.0,40–45,Q,1,392913,optimal profile,12,43.234126,0.5965988,0.59638476,0.29826462,0.2990135,0.0007488800000000073
LSTM,lstm_result_v9,40.0,45.0,40–45,Q,2,243426,ssRF,15,44.788804,0.59737688,0.5979768,0.29585537,0.29658431,0.0007289400000000112
LSTM,lstm_result_v9,40.0,45.0,40–45,Q,3,392948,optimal profile,47,43.303027,0.58815056,0.58858597,0.31467718,0.31409723,0.0005799499999999957
LSTM,lstm_result_v9,40.0,45.0,40–45,Q,4,392624,optimal profile,127,43.768957,0.5228616,0.52256215,0.29007614,0.29051208,0.00043594000000002353
LSTM,lstm_result_v9,40.0,45.0,40–45,Q,5,393066,optimal profile,165,41.765365,0.57000536,0.56987613,0.34161624,0.34202293,0.00040668999999998734
LSTM,lstm_result_v9,45.0,50.0,45–50,P,1,392496,optimal profile,355,47.559932,0.47735491,0.47780356,0.28226024,0.28153887,0.0004486499999999949
LSTM,lstm_result_v9,45.0,50.0,45–50,P,2,393036,optimal profile,135,45.431854,0.57356244,0.5738591,0.33754429,0.336876,0.00029665999999994863
LSTM,lstm_result_v9,45.0,50.0,45–50,P,3,221574,ssRF,72,47.686659,0.54301423,0.54276347,0.25140959,0.25124228,0.0002507600000000165
LSTM,lstm_result_v9,45.0,50.0,45–50,P,4,197894,ssRF,110,46.263836,0.49001753,0.49026066,0.21345393,0.21352924,0.00024313000000003582
LSTM,lstm_result_v9,45.0,50.0,45–50,P,5,244148,ssRF,134,45.970632,0.58834398,0.58857536,0.30644771,0.30660477,0.00023138000000000325
LSTM,lstm_result_v9,45.0,50.0,45–50,Q,1,392496,optimal profile,355,47.559932,0.47735491,0.47780356,0.28226024,0.28153887,0.000721369999999999
LSTM,lstm_result_v9,45.0,50.0,45–50,Q,2,393036,optimal profile,135,45.431854,0.57356244,0.5738591,0.33754429,0.336876,0.0006682900000000158
LSTM,lstm_result_v9,45.0,50.0,45–50,Q,3,393004,optimal profile,103,47.352305,0.57802731,0.57821476,0.33148348,0.33097059,0.0005128899999999881
LSTM,lstm_result_v9,45.0,50.0,45–50,Q,4,393092,optimal profile,191,47.015333,0.56731433,0.5670951,0.34418401,0.34468991,0.0005059000000000036
LSTM,lstm_result_v9,45.0,50.0,45–50,Q,5,392848,optimal profile,149,46.400624,0.54582679,0.54566914,0.31608072,0.31649619,0.00041547000000002887
LSTM,lstm_result_v9,50.0,55.0,50–55,P,1,392945,optimal profile,44,51.767192,0.58879954,0.58914387,0.31348249,0.31345642,0.0003443300000000038
LSTM,lstm_result_v9,50.0,55.0,50–55,P,2,244201,ssRF,187,50.743716,0.58668733,0.58690852,0.30709711,0.307302,0.00022119000000009326
LSTM,lstm_result_v9,50.0,55.0,50–55,P,3,393080,optimal profile,179,50.870523,0.56851602,0.56871647,0.34309545,0.34317738,0.00020045000000001867
LSTM,lstm_result_v9,50.0,55.0,50–55,P,4,233332,ssRF,172,54.513515,0.56257719,0.56276983,0.28141424,0.28141415,0.0001926400000000772
LSTM,lstm_result_v9,50.0,55.0,50–55,P,5,221632,ssRF,130,50.236784,0.54079497,0.54061711,0.2525245,0.25240725,0.00017785999999997415
LSTM,lstm_result_v9,50.0,55.0,50–55,Q,1,393068,optimal profile,167,54.683547,0.56978649,0.56991577,0.34184241,0.3421874,0.00034498999999998947
LSTM,lstm_result_v9,50.0,55.0,50–55,Q,2,244201,ssRF,187,50.743716,0.58668733,0.58690852,0.30709711,0.307302,0.00020489000000001312
LSTM,lstm_result_v9,50.0,55.0,50–55,Q,3,393074,optimal profile,173,52.121253,0.56914222,0.56923962,0.34249061,0.34262884,0.00013823000000001695
LSTM,lstm_result_v9,50.0,55.0,50–55,Q,4,381685,AFP Profile,7,54.458229,0.52029431,0.520226,0.36047131,0.36033869,0.0001326199999999722
LSTM,lstm_result_v9,50.0,55.0,50–55,Q,5,373677,AFP Profile,0,53.325703,0.49199995,0.49199295,0.34038809,0.3402667,0.000121389999999999
LSTM,lstm_result_v9,55.0,60.0,55–60,P,1,381740,AFP Profile,62,57.063756,0.52113396,0.52102929,0.36045629,0.36046258,0.0001046700000000289
LSTM,lstm_result_v9,55.0,60.0,55–60,P,2,366489,AFP Profile,813,56.268296,0.4754346,0.47535026,0.31959391,0.31961805,8.433999999996056e-05
LSTM,lstm_result_v9,55.0,60.0,55–60,P,3,358494,AFP Profile,819,55.788979,0.44221258,0.44213045,0.30202845,0.30199999,8.213000000001358e-05
LSTM,lstm_result_v9,55.0,60.0,55–60,P,4,382098,AFP Profile,420,55.63394,0.52636933,0.52628726,0.3601701,0.36016619,8.206999999993414e-05
LSTM,lstm_result_v9,55.0,60.0,55–60,P,5,365761,AFP Profile,85,58.940378,0.46435952,0.46428007,0.32119942,0.32119864,7.945000000003644e-05
LSTM,lstm_result_v9,55.0,60.0,55–60,Q,1,381904,AFP Profile,226,55.555502,0.52358097,0.52353567,0.36036447,0.3603158,4.86699999999729e-05
LSTM,lstm_result_v9,55.0,60.0,55–60,Q,2,381891,AFP Profile,213,55.444921,0.52339005,0.52334607,0.36037424,0.36032623,4.800999999998723e-05
LSTM,lstm_result_v9,55.0,60.0,55–60,Q,3,381781,AFP Profile,103,59.06047,0.52175361,0.52173936,0.36043984,0.3603926,4.7240000000003946e-05
LSTM,lstm_result_v9,55.0,60.0,55–60,Q,4,365731,AFP Profile,55,55.537827,0.46386626,0.46386376,0.32123813,0.32119203,4.609999999999337e-05
LSTM,lstm_result_v9,55.0,60.0,55–60,Q,5,381949,AFP Profile,271,57.834509,0.52423787,0.52425385,0.36032742,0.36028412,4.3300000000023875e-05
LSTM,lstm_result_v9,60.0,75.0,60–75,P,1,381722,AFP Profile,44,63.991916,0.52086025,0.52071029,0.36046207,0.36043185,0.00014996000000000453
LSTM,lstm_result_v9,60.0,75.0,60–75,P,2,382196,AFP Profile,518,63.085633,0.52773565,0.52762747,0.36003885,0.36001486,0.00010818000000001327
LSTM,lstm_result_v9,60.0,75.0,60–75,P,3,382181,AFP Profile,503,61.470179,0.52752835,0.52742553,0.36006033,0.36007109,0.00010281999999994795
LSTM,lstm_result_v9,60.0,75.0,60–75,P,4,382976,AFP Profile,1298,63.553486,0.53767574,0.53758448,0.35831875,0.35831821,9.12599999999264e-05
LSTM,lstm_result_v9,60.0,75.0,60–75,P,5,373787,AFP Profile,110,61.547185,0.49373293,0.49381161,0.34028801,0.34027275,7.867999999999764e-05
LSTM,lstm_result_v9,60.0,75.0,60–75,Q,1,381797,AFP Profile,119,62.554566,0.52199399,0.52199423,0.36043224,0.36037385,5.839000000001926e-05
LSTM,lstm_result_v9,60.0,75.0,60–75,Q,2,373810,AFP Profile,133,62.975563,0.49409026,0.49407071,0.3402631,0.34021527,4.782999999997095e-05
LSTM,lstm_result_v9,60.0,75.0,60–75,Q,3,381879,AFP Profile,201,67.05204,0.52321333,0.5232203,0.36038288,0.36033827,4.461000000000048e-05
LSTM,lstm_result_v9,60.0,75.0,60–75,Q,4,373825,AFP Profile,148,62.567166,0.49432239,0.49435288,0.34024611,0.34020221,4.389999999998562e-05
LSTM,lstm_result_v9,60.0,75.0,60–75,Q,5,381880,AFP Profile,202,64.00164,0.52322811,0.52321374,0.3603822,0.36033857,4.36299999999612e-05
CNN,cnn_pq_results_v4,5.0,10.0,5–10,P,1,818,ssRF,14,9.9630055,0.19823171,0.1998162,0.034723945,0.035006814,0.001584489999999994
CNN,cnn_pq_results_v4,5.0,10.0,5–10,P,2,389688,optimal profile,9,8.6176732,0.19583207,0.19729987,0.039098427,0.039778948,0.0014677999999999913
CNN,cnn_pq_results_v4,5.0,10.0,5–10,P,3,2806,ssRF,193,9.1700158,0.19562131,0.19669662,0.036467299,0.036712214,0.001075309999999996
CNN,cnn_pq_results_v4,5.0,10.0,5–10,P,4,63108,ssRF,195,9.791223,0.26976851,0.27080476,0.063023373,0.063394792,0.0010362499999999608
CNN,cnn_pq_results_v4,5.0,10.0,5–10,P,5,270,ssRF,69,7.3111924,0.19745065,0.19840679,0.034801297,0.034987658,0.0009561399999999942
CNN,cnn_pq_results_v4,5.0,10.0,5–10,Q,1,21139,ssRF,34,8.3175,0.22322264,0.22392924,0.041699521,0.042679824,0.0009803029999999949
CNN,cnn_pq_results_v4,5.0,10.0,5–10,Q,2,389688,optimal profile,9,8.6176732,0.19583207,0.19729987,0.039098427,0.039778948,0.0006805210000000034
CNN,cnn_pq_results_v4,5.0,10.0,5–10,Q,3,22827,ssRF,114,8.9752366,0.22034839,0.22117734,0.046730772,0.047287732,0.0005569600000000022
CNN,cnn_pq_results_v4,5.0,10.0,5–10,Q,4,1626,ssRF,18,9.7806301,0.19849157,0.19824909,0.033683218,0.033187591,0.0004956269999999985
CNN,cnn_pq_results_v4,5.0,10.0,5–10,Q,5,2796,ssRF,183,9.0560091,0.1957314,0.19517338,0.036342159,0.036830738,0.0004885790000000029
CNN,cnn_pq_results_v4,10.0,15.0,10–15,P,1,390093,optimal profile,12,14.946081,0.24383879,0.25511542,0.060459532,0.062450416,0.011276629999999982
CNN,cnn_pq_results_v4,10.0,15.0,10–15,P,2,389894,optimal profile,14,14.641113,0.21831241,0.21182102,0.052411765,0.052585609,0.0064913900000000135
CNN,cnn_pq_results_v4,10.0,15.0,10–15,P,3,389892,optimal profile,12,11.550574,0.21917991,0.21330482,0.050642312,0.051348053,0.0058750899999999995
CNN,cnn_pq_results_v4,10.0,15.0,10–15,P,4,27122,ssRF,188,11.907498,0.22291055,0.21768436,0.036575519,0.034870289,0.005226190000000019
CNN,cnn_pq_results_v4,10.0,15.0,10–15,P,5,390299,optimal profile,17,14.550441,0.26619482,0.27005932,0.075931124,0.075063385,0.003864499999999993
CNN,cnn_pq_results_v4,10.0,15.0,10–15,Q,1,389702,optimal profile,23,12.355466,0.19042058,0.19089498,0.049970634,0.052077651,0.0021070170000000027
CNN,cnn_pq_results_v4,10.0,15.0,10–15,Q,2,390093,optimal profile,12,14.946081,0.24383879,0.25511542,0.060459532,0.062450416,0.0019908839999999983
CNN,cnn_pq_results_v4,10.0,15.0,10–15,Q,3,390496,optimal profile,13,13.824858,0.29280606,0.29162824,0.083823361,0.081832774,0.001990587000000002
CNN,cnn_pq_results_v4,10.0,15.0,10–15,Q,4,389701,optimal profile,22,12.703871,0.19076948,0.19126363,0.049295411,0.051183552,0.001888141000000003
CNN,cnn_pq_results_v4,10.0,15.0,10–15,Q,5,41037,ssRF,33,12.356844,0.2480986,0.25038326,0.050976127,0.052763686,0.0017875589999999941
CNN,cnn_pq_results_v4,15.0,20.0,15–20,P,1,21571,ssRF,64,17.348587,0.22082256,0.22763458,0.047385022,0.049952216,0.006812020000000002
CNN,cnn_pq_results_v4,15.0,20.0,15–20,P,2,113772,ssRF,6,15.273304,0.34940168,0.35573447,0.095108986,0.09882006,0.0063327900000000326
CNN,cnn_pq_results_v4,15.0,20.0,15–20,P,3,389858,optimal profile,179,16.215781,0.16743939,0.17174764,0.078641832,0.080388725,0.0043082500000000135
CNN,cnn_pq_results_v4,15.0,20.0,15–20,P,4,59772,ssRF,75,16.254951,0.27242717,0.26855785,0.060657933,0.059783414,0.0038693200000000094
CNN,cnn_pq_results_v4,15.0,20.0,15–20,P,5,64319,ssRF,200,16.374686,0.27039674,0.26655757,0.06033051,0.058344409,0.003839170000000003
CNN,cnn_pq_results_v4,15.0,20.0,15–20,Q,1,113772,ssRF,6,15.273304,0.34940168,0.35573447,0.095108986,0.09882006,0.0037110739999999948
CNN,cnn_pq_results_v4,15.0,20.0,15–20,Q,2,390512,optimal profile,29,17.819908,0.28567556,0.28709006,0.097724237,0.10094611,0.003221873
CNN,cnn_pq_results_v4,15.0,20.0,15–20,Q,3,21571,ssRF,64,17.348587,0.22082256,0.22763458,0.047385022,0.049952216,0.002567194000000002
CNN,cnn_pq_results_v4,15.0,20.0,15–20,Q,4,390362,optimal profile,80,18.015483,0.2472118,0.24425408,0.10764472,0.10538942,0.0022553000000000017
CNN,cnn_pq_results_v4,15.0,20.0,15–20,Q,5,64319,ssRF,200,16.374686,0.27039674,0.26655757,0.06033051,0.058344409,0.001986100999999997
CNN,cnn_pq_results_v4,20.0,25.0,20–25,P,1,178300,ssRF,13,23.281926,0.44988343,0.43988827,0.1584104,0.15179771,0.009995159999999947
CNN,cnn_pq_results_v4,20.0,25.0,20–25,P,2,172094,ssRF,38,23.625445,0.44570333,0.45543408,0.16549256,0.17314641,0.00973075000000001
CNN,cnn_pq_results_v4,20.0,25.0,20–25,P,3,167397,ssRF,165,23.073456,0.42456609,0.42939124,0.14129034,0.14448427,0.00482515
CNN,cnn_pq_results_v4,20.0,25.0,20–25,P,4,143709,ssRF,195,24.641829,0.38960284,0.39268824,0.14001103,0.14189832,0.003085400000000016
CNN,cnn_pq_results_v4,20.0,25.0,20–25,P,5,180023,ssRF,128,21.534816,0.44933543,0.44630176,0.15969494,0.15754847,0.0030336699999999883
CNN,cnn_pq_results_v4,20.0,25.0,20–25,Q,1,172094,ssRF,38,23.625445,0.44570333,0.45543408,0.16549256,0.17314641,0.00765384999999999
CNN,cnn_pq_results_v4,20.0,25.0,20–25,Q,2,178300,ssRF,13,23.281926,0.44988343,0.43988827,0.1584104,0.15179771,0.006612690000000004
CNN,cnn_pq_results_v4,20.0,25.0,20–25,Q,3,167397,ssRF,165,23.073456,0.42456609,0.42939124,0.14129034,0.14448427,0.0031939300000000115
CNN,cnn_pq_results_v4,20.0,25.0,20–25,Q,4,390518,optimal profile,35,20.422798,0.28339735,0.28551912,0.10187079,0.10434076,0.002469970000000002
CNN,cnn_pq_results_v4,20.0,25.0,20–25,Q,5,390925,optimal profile,40,21.967793,0.33062908,0.33269769,0.13222274,0.13440128,0.0021785400000000066
CNN,cnn_pq_results_v4,25.0,30.0,25–30,P,1,194605,ssRF,37,27.396458,0.47493759,0.48111597,0.17714325,0.18230546,0.006178379999999983
CNN,cnn_pq_results_v4,25.0,30.0,25–30,P,2,391489,optimal profile,1,28.420759,0.4243516,0.41862118,0.14178932,0.14057289,0.005730420000000014
CNN,cnn_pq_results_v4,25.0,30.0,25–30,P,3,182752,ssRF,43,25.546133,0.44997543,0.44492972,0.15811509,0.15494087,0.0050457100000000366
CNN,cnn_pq_results_v4,25.0,30.0,25–30,P,4,161549,ssRF,146,28.461709,0.4236829,0.42839569,0.14187364,0.14531328,0.004712790000000022
CNN,cnn_pq_results_v4,25.0,30.0,25–30,P,5,179395,ssRF,103,28.285643,0.44937062,0.44495729,0.15961984,0.15682586,0.004413329999999993
CNN,cnn_pq_results_v4,25.0,30.0,25–30,Q,1,194605,ssRF,37,27.396458,0.47493759,0.48111597,0.17714325,0.18230546,0.00516221
CNN,cnn_pq_results_v4,25.0,30.0,25–30,Q,2,185831,ssRF,107,28.82033,0.46745887,0.47166643,0.18658921,0.19021635,0.003627140000000001
CNN,cnn_pq_results_v4,25.0,30.0,25–30,Q,3,161549,ssRF,146,28.461709,0.4236829,0.42839569,0.14187364,0.14531328,0.003439639999999994
CNN,cnn_pq_results_v4,25.0,30.0,25–30,Q,4,392012,optimal profile,121,26.06902,0.44722545,0.44399357,0.22785355,0.22463456,0.003218989999999977
CNN,cnn_pq_results_v4,25.0,30.0,25–30,Q,5,182752,ssRF,43,25.546133,0.44997543,0.44492972,0.15811509,0.15494087,0.0031742200000000054
CNN,cnn_pq_results_v4,30.0,35.0,30–35,P,1,222168,ssRF,63,34.812175,0.5417977,0.53486401,0.25567839,0.25000685,0.006933690000000103
CNN,cnn_pq_results_v4,30.0,35.0,30–35,P,2,171228,ssRF,177,30.984255,0.43892923,0.4332132,0.1753023,0.17146286,0.005716029999999983
CNN,cnn_pq_results_v4,30.0,35.0,30–35,P,3,391987,optimal profile,96,31.145111,0.45126057,0.44663012,0.22199467,0.21889958,0.004630450000000008
CNN,cnn_pq_results_v4,30.0,35.0,30–35,P,4,210500,ssRF,53,30.685723,0.51791859,0.51380157,0.23131542,0.22918993,0.004117019999999916
CNN,cnn_pq_results_v4,30.0,35.0,30–35,P,5,210145,ssRF,100,34.212678,0.51529205,0.51823866,0.23425128,0.23662291,0.0029466099999999606
CNN,cnn_pq_results_v4,30.0,35.0,30–35,Q,1,222168,ssRF,63,34.812175,0.5417977,0.53486401,0.25567839,0.25000685,0.005671539999999975
CNN,cnn_pq_results_v4,30.0,35.0,30–35,Q,2,171228,ssRF,177,30.984255,0.43892923,0.4332132,0.1753023,0.17146286,0.0038394399999999995
CNN,cnn_pq_results_v4,30.0,35.0,30–35,Q,3,391987,optimal profile,96,31.145111,0.45126057,0.44663012,0.22199467,0.21889958,0.003095089999999995
CNN,cnn_pq_results_v4,30.0,35.0,30–35,Q,4,392033,optimal profile,142,31.853101,0.44427308,0.44138628,0.23165646,0.22882047,0.0028359900000000104
CNN,cnn_pq_results_v4,30.0,35.0,30–35,Q,5,209636,ssRF,194,30.91823,0.51575989,0.51307809,0.22704892,0.22422206,0.0028268599999999866
CNN,cnn_pq_results_v4,35.0,40.0,35–40,P,1,210592,ssRF,145,36.244021,0.51378065,0.52025479,0.23478571,0.23883921,0.006474140000000017
CNN,cnn_pq_results_v4,35.0,40.0,35–40,P,2,232798,ssRF,40,37.469502,0.56985092,0.57577151,0.27375242,0.27975553,0.005920590000000003
CNN,cnn_pq_results_v4,35.0,40.0,35–40,P,3,210629,ssRF,182,38.102182,0.51267594,0.50919217,0.23556364,0.23294942,0.003483769999999997
CNN,cnn_pq_results_v4,35.0,40.0,35–40,P,4,210769,ssRF,121,38.848084,0.5150494,0.51819676,0.23276579,0.23536427,0.0031473600000000435
CNN,cnn_pq_results_v4,35.0,40.0,35–40,P,5,221667,ssRF,165,37.77074,0.539792,0.53678697,0.25294101,0.25064957,0.003005030000000075
CNN,cnn_pq_results_v4,35.0,40.0,35–40,Q,1,232798,ssRF,40,37.469502,0.56985092,0.57577151,0.27375242,0.27975553,0.006003109999999978
CNN,cnn_pq_results_v4,35.0,40.0,35–40,Q,2,210592,ssRF,145,36.244021,0.51378065,0.52025479,0.23478571,0.23883921,0.004053499999999988
CNN,cnn_pq_results_v4,35.0,40.0,35–40,Q,3,232966,ssRF,7,37.511786,0.57318556,0.57584321,0.26956296,0.27303654,0.003473579999999976
CNN,cnn_pq_results_v4,35.0,40.0,35–40,Q,4,222136,ssRF,31,35.739125,0.54432774,0.54179895,0.25269637,0.24923974,0.003456630000000016
CNN,cnn_pq_results_v4,35.0,40.0,35–40,Q,5,210028,ssRF,184,35.011739,0.51346052,0.51631445,0.23371798,0.23705867,0.0033406900000000073
CNN,cnn_pq_results_v4,40.0,45.0,40–45,P,1,222805,ssRF,97,41.757943,0.54132456,0.53670555,0.25291124,0.24800597,0.004619009999999979
CNN,cnn_pq_results_v4,40.0,45.0,40–45,P,2,232953,ssRF,195,40.448518,0.56381059,0.55937403,0.27685893,0.27378413,0.004436560000000034
CNN,cnn_pq_results_v4,40.0,45.0,40–45,P,3,232972,ssRF,13,42.272491,0.57200915,0.56796992,0.27188632,0.26848662,0.004039229999999949
CNN,cnn_pq_results_v4,40.0,45.0,40–45,P,4,221557,ssRF,55,40.140417,0.54392576,0.54017353,0.25073954,0.24706161,0.003752230000000023
CNN,cnn_pq_results_v4,40.0,45.0,40–45,P,5,233428,ssRF,67,41.443514,0.56643504,0.57017815,0.27976555,0.28322297,0.0037431100000000495
CNN,cnn_pq_results_v4,40.0,45.0,40–45,Q,1,222805,ssRF,97,41.757943,0.54132456,0.53670555,0.25291124,0.24800597,0.004905269999999989
CNN,cnn_pq_results_v4,40.0,45.0,40–45,Q,2,232833,ssRF,75,40.093698,0.56774139,0.5646835,0.27535734,0.27136141,0.003995929999999981
CNN,cnn_pq_results_v4,40.0,45.0,40–45,Q,3,221557,ssRF,55,40.140417,0.54392576,0.54017353,0.25073954,0.24706161,0.003677929999999996
CNN,cnn_pq_results_v4,40.0,45.0,40–45,Q,4,243426,ssRF,15,44.788804,0.59737688,0.59386039,0.29585537,0.29236495,0.003490419999999994
CNN,cnn_pq_results_v4,40.0,45.0,40–45,Q,5,233428,ssRF,67,41.443514,0.56643504,0.57017815,0.27976555,0.28322297,0.0034574200000000443
CNN,cnn_pq_results_v4,45.0,50.0,45–50,P,1,244596,ssRF,180,45.369618,0.58743072,0.57946301,0.30505812,0.29740322,0.007967709999999961
CNN,cnn_pq_results_v4,45.0,50.0,45–50,P,2,392496,optimal profile,355,47.559932,0.47735491,0.47008854,0.28226024,0.27266923,0.007266370000000022
CNN,cnn_pq_results_v4,45.0,50.0,45–50,P,3,232885,ssRF,127,45.229,0.56570691,0.56033015,0.27620971,0.26944259,0.0053767599999999804
CNN,cnn_pq_results_v4,45.0,50.0,45–50,P,4,210202,ssRF,157,47.461265,0.51346761,0.51007307,0.23517358,0.23206869,0.003394539999999946
CNN,cnn_pq_results_v4,45.0,50.0,45–50,P,5,222008,ssRF,104,47.263662,0.53994232,0.54321575,0.25685021,0.25979561,0.0032734300000000216
CNN,cnn_pq_results_v4,45.0,50.0,45–50,Q,1,392496,optimal profile,355,47.559932,0.47735491,0.47008854,0.28226024,0.27266923,0.009591010000000011
CNN,cnn_pq_results_v4,45.0,50.0,45–50,Q,2,244596,ssRF,180,45.369618,0.58743072,0.57946301,0.30505812,0.29740322,0.0076548999999999645
CNN,cnn_pq_results_v4,45.0,50.0,45–50,Q,3,232885,ssRF,127,45.229,0.56570691,0.56033015,0.27620971,0.26944259,0.006767120000000015
CNN,cnn_pq_results_v4,45.0,50.0,45–50,Q,4,221574,ssRF,72,47.686659,0.54301423,0.54020137,0.25140959,0.24791668,0.0034929100000000157
CNN,cnn_pq_results_v4,45.0,50.0,45–50,Q,5,210202,ssRF,157,47.461265,0.51346761,0.51007307,0.23517358,0.23206869,0.003104889999999999
CNN,cnn_pq_results_v4,50.0,55.0,50–55,P,1,221632,ssRF,130,50.236784,0.54079497,0.53796875,0.2525245,0.24951556,0.0028262199999999904
CNN,cnn_pq_results_v4,50.0,55.0,50–55,P,2,392945,optimal profile,44,51.767192,0.58879954,0.5868091,0.31348249,0.3137973,0.0019904400000000377
CNN,cnn_pq_results_v4,50.0,55.0,50–55,P,3,233139,ssRF,180,52.008863,0.56306821,0.56121367,0.27968177,0.27811322,0.0018545399999999601
CNN,cnn_pq_results_v4,50.0,55.0,50–55,P,4,233133,ssRF,174,50.194294,0.56322443,0.56165385,0.27963346,0.27847466,0.001570579999999988
CNN,cnn_pq_results_v4,50.0,55.0,50–55,P,5,243868,ssRF,55,52.710919,0.5921191,0.59357339,0.30448353,0.30521074,0.0014542899999999692
CNN,cnn_pq_results_v4,50.0,55.0,50–55,Q,1,221632,ssRF,130,50.236784,0.54079497,0.53796875,0.2525245,0.24951556,0.0030089399999999877
CNN,cnn_pq_results_v4,50.0,55.0,50–55,Q,2,210156,ssRF,111,51.701221,0.51489002,0.51400185,0.23446789,0.23274967,0.0017182200000000203
CNN,cnn_pq_results_v4,50.0,55.0,50–55,Q,3,233139,ssRF,180,52.008863,0.56306821,0.56121367,0.27968177,0.27811322,0.0015685500000000019
CNN,cnn_pq_results_v4,50.0,55.0,50–55,Q,4,233133,ssRF,174,50.194294,0.56322443,0.56165385,0.27963346,0.27847466,0.0011588000000000154
CNN,cnn_pq_results_v4,50.0,55.0,50–55,Q,5,243950,ssRF,137,51.323452,0.58844614,0.58963752,0.30607146,0.30717292,0.0011014599999999986
CNN,cnn_pq_results_v4,55.0,60.0,55–60,P,1,350022,AFP Profile,348,57.443133,0.40843824,0.40926221,0.28558901,0.28622055,0.0008239700000000072
CNN,cnn_pq_results_v4,55.0,60.0,55–60,P,2,350177,AFP Profile,503,57.249455,0.41110185,0.41038093,0.28523573,0.28472227,0.0007209200000000138
CNN,cnn_pq_results_v4,55.0,60.0,55–60,P,3,373872,AFP Profile,195,55.187195,0.49504507,0.49571139,0.34018922,0.34034765,0.000666319999999998
CNN,cnn_pq_results_v4,55.0,60.0,55–60,P,4,374612,AFP Profile,935,55.200425,0.50554103,0.50488043,0.33863831,0.33834681,0.0006605999999999002
CNN,cnn_pq_results_v4,55.0,60.0,55–60,P,5,382270,AFP Profile,592,55.988068,0.52874905,0.52938986,0.35992584,0.36031657,0.0006408099999999362
CNN,cnn_pq_results_v4,55.0,60.0,55–60,Q,1,382644,AFP Profile,966,59.515398,0.53363961,0.53340566,0.35918558,0.35843286,0.0007527199999999845
CNN,cnn_pq_results_v4,55.0,60.0,55–60,Q,2,350022,AFP Profile,348,57.443133,0.40843824,0.40926221,0.28558901,0.28622055,0.0006315400000000415
CNN,cnn_pq_results_v4,55.0,60.0,55–60,Q,3,382358,AFP Profile,680,57.444289,0.52993411,0.52952623,0.35977641,0.3591873,0.0005891100000000038
CNN,cnn_pq_results_v4,55.0,60.0,55–60,Q,4,373895,AFP Profile,218,55.711,0.49539614,0.49576604,0.34015936,0.34070802,0.0005486599999999786
CNN,cnn_pq_results_v4,55.0,60.0,55–60,Q,5,350003,AFP Profile,329,56.767212,0.40810579,0.40757805,0.28562793,0.28508991,0.0005380199999999724
CNN,cnn_pq_results_v4,60.0,75.0,60–75,P,1,373723,AFP Profile,46,63.160888,0.49272951,0.49199319,0.34035015,0.33982444,0.000736319999999957
CNN,cnn_pq_results_v4,60.0,75.0,60–75,P,2,382689,AFP Profile,1011,61.886148,0.53420299,0.53350025,0.35907888,0.3581906,0.000702740000000035
CNN,cnn_pq_results_v4,60.0,75.0,60–75,P,3,374611,AFP Profile,934,64.619475,0.50552785,0.50617158,0.33864111,0.33888277,0.0006437299999999535
CNN,cnn_pq_results_v4,60.0,75.0,60–75,P,4,374184,AFP Profile,507,63.662846,0.4996672,0.50028479,0.33967745,0.34012413,0.0006175900000000567
CNN,cnn_pq_results_v4,60.0,75.0,60–75,P,5,382009,AFP Profile,331,61.129416,0.52510417,0.52452552,0.36027035,0.35990164,0.0005786500000000139
CNN,cnn_pq_results_v4,60.0,75.0,60–75,Q,1,382689,AFP Profile,1011,61.886148,0.53420299,0.53350025,0.35907888,0.3581906,0.0008882799999999635
CNN,cnn_pq_results_v4,60.0,75.0,60–75,Q,2,382619,AFP Profile,941,60.919462,0.53332436,0.53293455,0.3592433,0.35857606,0.0006672400000000134
CNN,cnn_pq_results_v4,60.0,75.0,60–75,Q,3,381722,AFP Profile,44,63.991916,0.52086025,0.5204286,0.36046207,0.35983455,0.000627520000000048
CNN,cnn_pq_results_v4,60.0,75.0,60–75,Q,4,381879,AFP Profile,201,67.05204,0.52321333,0.52267587,0.36038288,0.35976744,0.0006154400000000226
CNN,cnn_pq_results_v4,60.0,75.0,60–75,Q,5,373852,AFP Profile,175,65.190496,0.4947384,0.49512088,0.34021407,0.34079045,0.000576380000000043
MLP,mlp_pq_results_v3,5.0,10.0,5–10,P,1,31657,ssRF,100,9.5350903,0.22456971,0.2269547,0.03939876,0.039853089,0.0023849900000000035
MLP,mlp_pq_results_v3,5.0,10.0,5–10,P,2,34013,ssRF,44,9.2570402,0.22486149,0.226933,0.038695365,0.039001688,0.0020715099999999986
MLP,mlp_pq_results_v3,5.0,10.0,5–10,P,3,25899,ssRF,171,9.1857371,0.22157422,0.22344798,0.040378265,0.04077898,0.001873760000000002
MLP,mlp_pq_results_v3,5.0,10.0,5–10,P,4,23006,ssRF,92,8.8117691,0.22106321,0.22288775,0.045309015,0.045474291,0.0018245399999999856
MLP,mlp_pq_results_v3,5.0,10.0,5–10,P,5,24038,ssRF,119,8.8680406,0.22146177,0.22328474,0.042942367,0.042939074,0.001822970000000007
MLP,mlp_pq_results_v3,5.0,10.0,5–10,Q,1,1411,ssRF,4,9.4969117,0.19953115,0.19856225,0.031386331,0.032673471,0.0012871399999999991
MLP,mlp_pq_results_v3,5.0,10.0,5–10,Q,2,22523,ssRF,11,9.9889658,0.22387651,0.22351067,0.040936895,0.042063221,0.001126325999999997
MLP,mlp_pq_results_v3,5.0,10.0,5–10,Q,3,23923,ssRF,4,9.3623866,0.224748,0.22494915,0.038773768,0.039798401,0.001024632999999997
MLP,mlp_pq_results_v3,5.0,10.0,5–10,Q,4,22686,ssRF,174,9.9857467,0.21902031,0.21749483,0.04905045,0.048079468,0.0009709820000000022
MLP,mlp_pq_results_v3,5.0,10.0,5–10,Q,5,389688,optimal profile,9,8.6176732,0.19583207,0.19476819,0.039098427,0.039922148,0.0008237209999999995
MLP,mlp_pq_results_v3,10.0,15.0,10–15,P,1,62902,ssRF,190,13.296441,0.26966476,0.26496387,0.063570313,0.061825134,0.004700890000000013
MLP,mlp_pq_results_v3,10.0,15.0,10–15,P,2,101985,ssRF,78,12.487414,0.32441095,0.32898065,0.082010187,0.084087461,0.00456970000000001
MLP,mlp_pq_results_v3,10.0,15.0,10–15,P,3,389894,optimal profile,14,14.641113,0.21831241,0.21446511,0.052411765,0.051251076,0.0038473000000000257
MLP,mlp_pq_results_v3,10.0,15.0,10–15,P,4,70873,ssRF,121,14.728628,0.27448848,0.27070904,0.058827884,0.057233296,0.0037794399999999673
MLP,mlp_pq_results_v3,10.0,15.0,10–15,P,5,63793,ssRF,76,14.675108,0.27217606,0.26839852,0.060068376,0.058262452,0.0037775400000000237
MLP,mlp_pq_results_v3,10.0,15.0,10–15,Q,1,390284,optimal profile,2,13.85968,0.27383941,0.27095139,0.060055159,0.063017629,0.0029624700000000087
MLP,mlp_pq_results_v3,10.0,15.0,10–15,Q,2,22547,ssRF,35,11.365619,0.22235171,0.22074269,0.044058062,0.041887939,0.002170123000000003
MLP,mlp_pq_results_v3,10.0,15.0,10–15,Q,3,101985,ssRF,78,12.487414,0.32441095,0.32898065,0.082010187,0.084087461,0.002077274000000004
MLP,mlp_pq_results_v3,10.0,15.0,10–15,Q,4,61121,ssRF,17,12.745893,0.27291006,0.27379224,0.062368423,0.064436562,0.0020681390000000036
MLP,mlp_pq_results_v3,10.0,15.0,10–15,Q,5,119866,ssRF,70,14.856965,0.3495248,0.35245541,0.095209554,0.097268313,0.0020587589999999933
MLP,mlp_pq_results_v3,15.0,20.0,15–20,P,1,147434,ssRF,101,17.157224,0.39904195,0.40335163,0.12510741,0.12796244,0.004309680000000038
MLP,mlp_pq_results_v3,15.0,20.0,15–20,P,2,72068,ssRF,110,15.974499,0.27465591,0.27868298,0.058402963,0.060077049,0.0040270700000000215
MLP,mlp_pq_results_v3,15.0,20.0,15–20,P,3,70497,ssRF,147,19.47973,0.27438787,0.27036452,0.059044257,0.057377391,0.004023349999999981
MLP,mlp_pq_results_v3,15.0,20.0,15–20,P,4,97227,ssRF,144,15.599803,0.31868321,0.3146919,0.089798123,0.087671213,0.00399130999999997
MLP,mlp_pq_results_v3,15.0,20.0,15–20,P,5,162319,ssRF,112,17.979848,0.42406452,0.4279907,0.1419903,0.14446674,0.003926180000000001
MLP,mlp_pq_results_v3,15.0,20.0,15–20,Q,1,390687,optimal profile,3,18.902048,0.32315877,0.32022855,0.084814645,0.088000737,0.0031860920000000015
MLP,mlp_pq_results_v3,15.0,20.0,15–20,Q,2,147434,ssRF,101,17.157224,0.39904195,0.40335163,0.12510741,0.12796244,0.0028550300000000084
MLP,mlp_pq_results_v3,15.0,20.0,15–20,Q,3,130868,ssRF,17,18.721502,0.37381157,0.37584659,0.10946262,0.1122591,0.002796480000000004
MLP,mlp_pq_results_v3,15.0,20.0,15–20,Q,4,113772,ssRF,6,15.273304,0.34940168,0.35201848,0.095108986,0.097735912,0.0026269259999999878
MLP,mlp_pq_results_v3,15.0,20.0,15–20,Q,5,118587,ssRF,198,19.421853,0.34885094,0.352485,0.096138678,0.09870556,0.0025668819999999926
MLP,mlp_pq_results_v3,20.0,25.0,20–25,P,1,150012,ssRF,66,23.172952,0.39950591,0.39491481,0.12497769,0.12212162,0.004591100000000015
MLP,mlp_pq_results_v3,20.0,25.0,20–25,P,2,117660,ssRF,75,20.770511,0.34936219,0.34510469,0.095216453,0.093063802,0.004257500000000025
MLP,mlp_pq_results_v3,20.0,25.0,20–25,P,3,122220,ssRF,12,20.531057,0.34992987,0.34569338,0.094270237,0.092414446,0.004236489999999982
MLP,mlp_pq_results_v3,20.0,25.0,20–25,P,4,60345,ssRF,45,20.730361,0.27080202,0.26669577,0.066844933,0.0651282,0.004106249999999978
MLP,mlp_pq_results_v3,20.0,25.0,20–25,P,5,153972,ssRF,6,24.839431,0.39999488,0.40403467,0.12383689,0.12667592,0.0040397899999999876
MLP,mlp_pq_results_v3,20.0,25.0,20–25,Q,1,391891,optimal profile,0,21.94492,0.47499999,0.47228724,0.17705595,0.18073812,0.0036821700000000124
MLP,mlp_pq_results_v3,20.0,25.0,20–25,Q,2,228840,ssRF,102,21.742578,0.54930568,0.55293667,0.24299961,0.24593493,0.0029353199999999913
MLP,mlp_pq_results_v3,20.0,25.0,20–25,Q,3,191442,ssRF,90,24.944919,0.47433454,0.47105166,0.17854509,0.17568141,0.0028636799999999796
MLP,mlp_pq_results_v3,20.0,25.0,20–25,Q,4,150012,ssRF,66,23.172952,0.39950591,0.39491481,0.12497769,0.12212162,0.0028560700000000022
MLP,mlp_pq_results_v3,20.0,25.0,20–25,Q,5,171400,ssRF,148,24.546252,0.4394286,0.43602186,0.17529111,0.17244482,0.0028462900000000013
MLP,mlp_pq_results_v3,25.0,30.0,25–30,P,1,391489,optimal profile,1,28.420759,0.4243516,0.41848814,0.14178932,0.14532357,0.005863459999999987
MLP,mlp_pq_results_v3,25.0,30.0,25–30,P,2,392295,optimal profile,0,26.715821,0.52499998,0.52054471,0.21867324,0.21742082,0.004455270000000011
MLP,mlp_pq_results_v3,25.0,30.0,25–30,P,3,288214,AFP Profile,2548,27.496756,0.24137375,0.23718993,0.15238392,0.15043627,0.004183820000000005
MLP,mlp_pq_results_v3,25.0,30.0,25–30,P,4,196230,ssRF,54,26.617012,0.47496951,0.47106975,0.17703745,0.17412992,0.0038997599999999744
MLP,mlp_pq_results_v3,25.0,30.0,25–30,P,5,242649,ssRF,42,29.92968,0.57496315,0.57884508,0.26558942,0.26930815,0.0038819300000000334
MLP,mlp_pq_results_v3,25.0,30.0,25–30,Q,1,242649,ssRF,42,29.92968,0.57496315,0.57884508,0.26558942,0.26930815,0.0037187300000000034
MLP,mlp_pq_results_v3,25.0,30.0,25–30,Q,2,391489,optimal profile,1,28.420759,0.4243516,0.41848814,0.14178932,0.14532357,0.0035342500000000165
MLP,mlp_pq_results_v3,25.0,30.0,25–30,Q,3,247127,ssRF,98,26.504407,0.59902644,0.59596992,0.29259402,0.28923362,0.0033603999999999856
MLP,mlp_pq_results_v3,25.0,30.0,25–30,Q,4,214805,ssRF,137,29.331218,0.52387738,0.5203259,0.22054271,0.21738444,0.003158269999999991
MLP,mlp_pq_results_v3,25.0,30.0,25–30,Q,5,215327,ssRF,56,27.815589,0.5244748,0.52136004,0.21975277,0.21668741,0.003065359999999989
MLP,mlp_pq_results_v3,30.0,35.0,30–35,P,1,211854,ssRF,0,30.618874,0.52499998,0.51981056,0.21867324,0.21431871,0.00518942
MLP,mlp_pq_results_v3,30.0,35.0,30–35,P,2,210240,ssRF,195,31.956265,0.51249117,0.51707435,0.23566668,0.23730189,0.00458318000000002
MLP,mlp_pq_results_v3,30.0,35.0,30–35,P,3,228389,ssRF,53,32.338479,0.54956782,0.54558486,0.24243712,0.23879975,0.003982960000000091
MLP,mlp_pq_results_v3,30.0,35.0,30–35,P,4,184909,ssRF,190,31.991837,0.4629904,0.46688038,0.19504294,0.19600004,0.0038899799999999596
MLP,mlp_pq_results_v3,30.0,35.0,30–35,P,5,217793,ssRF,110,31.293926,0.52431482,0.52818465,0.22023882,0.22363289,0.003869830000000074
MLP,mlp_pq_results_v3,30.0,35.0,30–35,Q,1,211854,ssRF,0,30.618874,0.52499998,0.51981056,0.21867324,0.21431871,0.004354529999999995
MLP,mlp_pq_results_v3,30.0,35.0,30–35,Q,2,228389,ssRF,53,32.338479,0.54956782,0.54558486,0.24243712,0.23879975,0.003637370000000001
MLP,mlp_pq_results_v3,30.0,35.0,30–35,Q,3,236915,ssRF,137,31.666926,0.57380301,0.57077926,0.26736048,0.26372522,0.003635260000000029
MLP,mlp_pq_results_v3,30.0,35.0,30–35,Q,4,392324,optimal profile,29,30.816156,0.5163694,0.51694041,0.23644084,0.23283039,0.003610450000000015
MLP,mlp_pq_results_v3,30.0,35.0,30–35,Q,5,200470,ssRF,73,33.497397,0.49895349,0.49529004,0.19780718,0.19432771,0.0034794700000000123
MLP,mlp_pq_results_v3,35.0,40.0,35–40,P,1,222289,ssRF,184,38.241782,0.53721052,0.54172993,0.25852844,0.26087791,0.0045194100000000015
MLP,mlp_pq_results_v3,35.0,40.0,35–40,P,2,376182,AFP Profile,2505,39.640428,0.52317739,0.52763402,0.33249694,0.33489347,0.0044566300000000725
MLP,mlp_pq_results_v3,35.0,40.0,35–40,P,3,248252,ssRF,17,37.012001,0.59981704,0.59559631,0.29157868,0.28768253,0.004220730000000006
MLP,mlp_pq_results_v3,35.0,40.0,35–40,P,4,356672,AFP Profile,6998,37.543932,0.47253117,0.47634688,0.24870083,0.25033912,0.003815709999999972
MLP,mlp_pq_results_v3,35.0,40.0,35–40,P,5,204761,ssRF,143,36.369668,0.49910495,0.50289845,0.19918466,0.20189263,0.003793500000000005
MLP,mlp_pq_results_v3,35.0,40.0,35–40,Q,1,248252,ssRF,17,37.012001,0.59981704,0.59559631,0.29157868,0.28768253,0.003896149999999987
MLP,mlp_pq_results_v3,35.0,40.0,35–40,Q,2,248084,ssRF,50,39.644,0.59950471,0.5964824,0.29215443,0.288845,0.003309430000000002
MLP,mlp_pq_results_v3,35.0,40.0,35–40,Q,3,243378,ssRF,168,38.838041,0.57488441,0.57721269,0.26550841,0.26878932,0.0032809100000000258
MLP,mlp_pq_results_v3,35.0,40.0,35–40,Q,4,235749,ssRF,177,35.603799,0.5731594,0.57641053,0.26670918,0.26995516,0.003245980000000037
MLP,mlp_pq_results_v3,35.0,40.0,35–40,Q,5,217371,ssRF,90,35.89749,0.52437705,0.52087855,0.22009943,0.21686448,0.003234950000000014
MLP,mlp_pq_results_v3,40.0,45.0,40–45,P,1,392913,optimal profile,12,43.234126,0.5965988,0.59114057,0.29826462,0.29976946,0.005458230000000008
MLP,mlp_pq_results_v3,40.0,45.0,40–45,P,2,233548,ssRF,187,43.338439,0.56188953,0.5659256,0.28218845,0.2845782,0.004036070000000058
MLP,mlp_pq_results_v3,40.0,45.0,40–45,P,3,222145,ssRF,40,42.943715,0.54345554,0.53943455,0.25389788,0.25024033,0.004020990000000002
MLP,mlp_pq_results_v3,40.0,45.0,40–45,P,4,383998,AFP Profile,2320,40.289502,0.54851258,0.55253005,0.3547132,0.3567403,0.0040174699999999675
MLP,mlp_pq_results_v3,40.0,45.0,40–45,P,5,334953,AFP Profile,1281,40.43782,0.37181681,0.37542439,0.24901477,0.25101072,0.003607579999999999
MLP,mlp_pq_results_v3,40.0,45.0,40–45,Q,1,221557,ssRF,55,40.140417,0.54392576,0.5404734,0.25073954,0.24688788,0.003851659999999979
MLP,mlp_pq_results_v3,40.0,45.0,40–45,Q,2,222145,ssRF,40,42.943715,0.54345554,0.53943455,0.25389788,0.25024033,0.0036575500000000094
MLP,mlp_pq_results_v3,40.0,45.0,40–45,Q,3,249770,ssRF,128,40.802302,0.59912658,0.59611112,0.29298985,0.28941774,0.003572110000000017
MLP,mlp_pq_results_v3,40.0,45.0,40–45,Q,4,252573,ssRF,117,43.75724,0.59984136,0.59685409,0.29126665,0.28787154,0.0033951100000000345
MLP,mlp_pq_results_v3,40.0,45.0,40–45,Q,5,393031,optimal profile,130,40.711973,0.57421017,0.57708722,0.33672684,0.34003878,0.0033119399999999577
MLP,mlp_pq_results_v3,45.0,50.0,45–50,P,1,392496,optimal profile,355,47.559932,0.47735491,0.47009599,0.28226024,0.30002907,0.007258920000000002
MLP,mlp_pq_results_v3,45.0,50.0,45–50,P,2,367470,AFP Profile,1794,45.234298,0.48796436,0.49168319,0.31587774,0.31810236,0.0037188300000000063
MLP,mlp_pq_results_v3,45.0,50.0,45–50,P,3,233919,ssRF,156,46.448378,0.56338829,0.55970114,0.27968919,0.27513814,0.0036871499999999724
MLP,mlp_pq_results_v3,45.0,50.0,45–50,P,4,375072,AFP Profile,1395,48.610585,0.51130325,0.51484013,0.33716124,0.33916235,0.0035368799999999645
MLP,mlp_pq_results_v3,45.0,50.0,45–50,P,5,350467,AFP Profile,793,46.982886,0.4158617,0.41936135,0.28441519,0.2862843,0.003499650000000021
MLP,mlp_pq_results_v3,45.0,50.0,45–50,Q,1,392496,optimal profile,355,47.559932,0.47735491,0.47009599,0.28226024,0.30002907,0.017768830000000013
MLP,mlp_pq_results_v3,45.0,50.0,45–50,Q,2,233919,ssRF,156,46.448378,0.56338829,0.55970114,0.27968919,0.27513814,0.004551050000000001
MLP,mlp_pq_results_v3,45.0,50.0,45–50,Q,3,210202,ssRF,157,47.461265,0.51346761,0.51015592,0.23517358,0.2319355,0.0032380800000000043
MLP,mlp_pq_results_v3,45.0,50.0,45–50,Q,4,244698,ssRF,81,46.867008,0.59181023,0.59055459,0.30135259,0.2982946,0.003057989999999955
MLP,mlp_pq_results_v3,45.0,50.0,45–50,Q,5,243666,ssRF,54,45.192737,0.59273446,0.59031177,0.30293155,0.29991579,0.0030157599999999785
MLP,mlp_pq_results_v3,50.0,55.0,50–55,P,1,244201,ssRF,187,50.743716,0.58668733,0.59078616,0.30709711,0.30953631,0.004098829999999998
MLP,mlp_pq_results_v3,50.0,55.0,50–55,P,2,382092,AFP Profile,414,51.788143,0.52628481,0.52973443,0.36017743,0.36210245,0.003449619999999931
MLP,mlp_pq_results_v3,50.0,55.0,50–55,P,3,392945,optimal profile,44,51.767192,0.58879954,0.58540398,0.31348249,0.31422764,0.003395559999999964
MLP,mlp_pq_results_v3,50.0,55.0,50–55,P,4,359183,AFP Profile,1508,53.371293,0.45231038,0.448973,0.29974863,0.29694515,0.003337380000000001
MLP,mlp_pq_results_v3,50.0,55.0,50–55,P,5,376852,AFP Profile,3175,50.429841,0.52916437,0.52591968,0.3291955,0.32620606,0.00324469000000005
MLP,mlp_pq_results_v3,50.0,55.0,50–55,Q,1,376852,AFP Profile,3175,50.429841,0.52916437,0.52591968,0.3291955,0.32620606,0.0029894399999999544
MLP,mlp_pq_results_v3,50.0,55.0,50–55,Q,2,359183,AFP Profile,1508,53.371293,0.45231038,0.448973,0.29974863,0.29694515,0.002803480000000025
MLP,mlp_pq_results_v3,50.0,55.0,50–55,Q,3,243910,ssRF,97,51.134998,0.58992195,0.58732182,0.30564395,0.30298853,0.0026554200000000194
MLP,mlp_pq_results_v3,50.0,55.0,50–55,Q,4,367088,AFP Profile,1412,50.619658,0.48338082,0.48065108,0.31749305,0.31496552,0.00252753
MLP,mlp_pq_results_v3,50.0,55.0,50–55,Q,5,244201,ssRF,187,50.743716,0.58668733,0.59078616,0.30709711,0.30953631,0.0024391999999999747
MLP,mlp_pq_results_v3,55.0,60.0,55–60,P,1,366005,AFP Profile,329,55.837911,0.46825913,0.47144172,0.32079795,0.32256311,0.003182589999999985
MLP,mlp_pq_results_v3,55.0,60.0,55–60,P,2,383432,AFP Profile,1754,58.165341,0.54279006,0.5456295,0.35686162,0.35809252,0.0028394400000000264
MLP,mlp_pq_results_v3,55.0,60.0,55–60,P,3,375226,AFP Profile,1549,56.143825,0.51311445,0.51589662,0.3365967,0.33808118,0.0027821700000000282
MLP,mlp_pq_results_v3,55.0,60.0,55–60,P,4,358695,AFP Profile,1020,55.346799,0.44530761,0.44789493,0.30146077,0.30251199,0.002587320000000004
MLP,mlp_pq_results_v3,55.0,60.0,55–60,P,5,350177,AFP Profile,503,57.249455,0.41110185,0.4085263,0.28523573,0.28324264,0.002575549999999982
MLP,mlp_pq_results_v3,55.0,60.0,55–60,Q,1,377020,AFP Profile,3343,57.967118,0.53054488,0.52869529,0.32833233,0.3262029,0.0021294299999999877
MLP,mlp_pq_results_v3,55.0,60.0,55–60,Q,2,350177,AFP Profile,503,57.249455,0.41110185,0.4085263,0.28523573,0.28324264,0.0019930900000000307
MLP,mlp_pq_results_v3,55.0,60.0,55–60,Q,3,366469,AFP Profile,793,56.29653,0.47515208,0.47307086,0.31965327,0.31767768,0.0019755899999999715
MLP,mlp_pq_results_v3,55.0,60.0,55–60,Q,4,366484,AFP Profile,808,55.583191,0.47536409,0.47376052,0.31960884,0.31775516,0.0018536800000000242
MLP,mlp_pq_results_v3,55.0,60.0,55–60,Q,5,373904,AFP Profile,227,56.192391,0.49553305,0.49362046,0.34014732,0.33837074,0.001776579999999972
MLP,mlp_pq_results_v3,60.0,75.0,60–75,P,1,374061,AFP Profile,384,61.710888,0.4978807,0.50027376,0.3399061,0.34121129,0.0023930600000000024
MLP,mlp_pq_results_v3,60.0,75.0,60–75,P,2,366205,AFP Profile,529,62.828617,0.47131148,0.4690052,0.32036173,0.3184824,0.002306279999999994
MLP,mlp_pq_results_v3,60.0,75.0,60–75,P,3,374332,AFP Profile,655,60.662492,0.50175732,0.49952155,0.33935913,0.33748657,0.0022357699999999703
MLP,mlp_pq_results_v3,60.0,75.0,60–75,P,4,373723,AFP Profile,46,63.160888,0.49272951,0.49065319,0.34035015,0.338866,0.002076319999999965
MLP,mlp_pq_results_v3,60.0,75.0,60–75,P,5,382689,AFP Profile,1011,61.886148,0.53420299,0.53212798,0.35907888,0.35685593,0.0020750100000000993
MLP,mlp_pq_results_v3,60.0,75.0,60–75,Q,1,382689,AFP Profile,1011,61.886148,0.53420299,0.53212798,0.35907888,0.35685593,0.0022229500000000013
MLP,mlp_pq_results_v3,60.0,75.0,60–75,Q,2,366205,AFP Profile,529,62.828617,0.47131148,0.4690052,0.32036173,0.3184824,0.0018793300000000124
MLP,mlp_pq_results_v3,60.0,75.0,60–75,Q,3,381879,AFP Profile,201,67.05204,0.52321333,0.52124107,0.36038288,0.35850593,0.0018769500000000439
MLP,mlp_pq_results_v3,60.0,75.0,60–75,Q,4,374332,AFP Profile,655,60.662492,0.50175732,0.49952155,0.33935913,0.33748657,0.001872560000000023
MLP,mlp_pq_results_v3,60.0,75.0,60–75,Q,5,381815,AFP Profile,137,72.902579,0.52226347,0.5202316,0.36042288,0.35857445,0.001848430000000012
Transformer,transformer_pq_results_v2,5.0,10.0,5–10,P,1,19642,ssRF,145,7.8269817,0.19998308,0.20025763,0.030218966,0.030241512,0.00027454999999998453
Transformer,transformer_pq_results_v2,5.0,10.0,5–10,P,2,4825,ssRF,1,9.3199916,0.19995883,0.1997356,0.030270167,0.030336112,0.00022322999999999094
Transformer,transformer_pq_results_v2,5.0,10.0,5–10,P,3,1411,ssRF,4,9.4969117,0.19953115,0.19931746,0.031386331,0.031505905,0.0002136899999999886
Transformer,transformer_pq_results_v2,5.0,10.0,5–10,P,4,389688,optimal profile,9,8.6176732,0.19583207,0.19604337,0.039098427,0.038734414,0.0002112999999999976
Transformer,transformer_pq_results_v2,5.0,10.0,5–10,P,5,6224,ssRF,194,9.3522073,0.19694906,0.19713268,0.031041689,0.031081267,0.00018361999999999545
Transformer,transformer_pq_results_v2,5.0,10.0,5–10,Q,1,21310,ssRF,4,8.7608747,0.22454658,0.22466919,0.039430529,0.039065711,0.0003648179999999959
Transformer,transformer_pq_results_v2,5.0,10.0,5–10,Q,2,389688,optimal profile,9,8.6176732,0.19583207,0.19604337,0.039098427,0.038734414,0.00036401299999999637
Transformer,transformer_pq_results_v2,5.0,10.0,5–10,Q,3,818,ssRF,14,9.9630055,0.19823171,0.19829074,0.034723945,0.034481369,0.0002425760000000013
Transformer,transformer_pq_results_v2,5.0,10.0,5–10,Q,4,3026,ssRF,11,9.9249371,0.19941828,0.19957529,0.031233862,0.031065933,0.0001679290000000007
Transformer,transformer_pq_results_v2,5.0,10.0,5–10,Q,5,22523,ssRF,11,9.9889658,0.22387651,0.22393775,0.040936895,0.041082807,0.00014591199999999804
Transformer,transformer_pq_results_v2,10.0,15.0,10–15,P,1,41210,ssRF,5,11.440748,0.24939319,0.24719381,0.048884071,0.048210979,0.002199379999999973
Transformer,transformer_pq_results_v2,10.0,15.0,10–15,P,2,389894,optimal profile,14,14.641113,0.21831241,0.21687116,0.052411765,0.05221507,0.001441250000000005
Transformer,transformer_pq_results_v2,10.0,15.0,10–15,P,3,389750,optimal profile,71,14.16251,0.17843653,0.17956004,0.070042841,0.069793023,0.0011235099999999942
Transformer,transformer_pq_results_v2,10.0,15.0,10–15,P,4,389960,optimal profile,80,14.311502,0.20015876,0.20109922,0.083264962,0.083298378,0.0009404600000000041
Transformer,transformer_pq_results_v2,10.0,15.0,10–15,P,5,390147,optimal profile,66,13.475142,0.22638616,0.22727138,0.091464296,0.09174037,0.0008852199999999921
Transformer,transformer_pq_results_v2,10.0,15.0,10–15,Q,1,390496,optimal profile,13,13.824858,0.29280606,0.29300088,0.083823361,0.082472645,0.0013507160000000018
Transformer,transformer_pq_results_v2,10.0,15.0,10–15,Q,2,389702,optimal profile,23,12.355466,0.19042058,0.19028851,0.049970634,0.051191889,0.0012212549999999975
Transformer,transformer_pq_results_v2,10.0,15.0,10–15,Q,3,389892,optimal profile,12,11.550574,0.21917991,0.21843654,0.050642312,0.051734045,0.0010917329999999975
Transformer,transformer_pq_results_v2,10.0,15.0,10–15,Q,4,389971,optimal profile,91,14.274026,0.19839309,0.19875389,0.085297197,0.084353544,0.0009436530000000026
Transformer,transformer_pq_results_v2,10.0,15.0,10–15,Q,5,389744,optimal profile,65,13.879874,0.17953894,0.17944151,0.068522103,0.069404744,0.0008826410000000035
Transformer,transformer_pq_results_v2,15.0,20.0,15–20,P,1,390679,optimal profile,196,19.556628,0.25799343,0.25684446,0.1293371,0.12893203,0.001148970000000027
Transformer,transformer_pq_results_v2,15.0,20.0,15–20,P,2,390491,optimal profile,8,17.263494,0.29540473,0.29651678,0.078465782,0.078198746,0.0011120499999999756
Transformer,transformer_pq_results_v2,15.0,20.0,15–20,P,3,390543,optimal profile,60,19.542833,0.27567288,0.27669752,0.11452892,0.11396624,0.0010246399999999656
Transformer,transformer_pq_results_v2,15.0,20.0,15–20,P,4,390572,optimal profile,89,17.95579,0.26928645,0.26843393,0.12279865,0.12263556,0.0008525200000000233
Transformer,transformer_pq_results_v2,15.0,20.0,15–20,P,5,390954,optimal profile,69,16.118727,0.32187888,0.32271096,0.14574356,0.14674215,0.0008320800000000128
Transformer,transformer_pq_results_v2,15.0,20.0,15–20,Q,1,390362,optimal profile,80,18.015483,0.2472118,0.24756235,0.10764472,0.1065262,0.0011185199999999978
Transformer,transformer_pq_results_v2,15.0,20.0,15–20,Q,2,390512,optimal profile,29,17.819908,0.28567556,0.28543836,0.097724237,0.098782778,0.0010585409999999962
Transformer,transformer_pq_results_v2,15.0,20.0,15–20,Q,3,390954,optimal profile,69,16.118727,0.32187888,0.32271096,0.14574356,0.14674215,0.0009985899999999936
Transformer,transformer_pq_results_v2,15.0,20.0,15–20,Q,4,390722,optimal profile,38,18.027464,0.30677712,0.30669993,0.11696205,0.11795242,0.0009903700000000043
Transformer,transformer_pq_results_v2,15.0,20.0,15–20,Q,5,390918,optimal profile,33,19.489019,0.33327991,0.3333272,0.12755948,0.1266969,0.0008625800000000017
Transformer,transformer_pq_results_v2,20.0,25.0,20–25,P,1,391737,optimal profile,48,22.863159,0.43597135,0.43812141,0.18652742,0.18829055,0.002150060000000009
Transformer,transformer_pq_results_v2,20.0,25.0,20–25,P,2,391368,optimal profile,81,24.263001,0.36809906,0.36973813,0.18049721,0.18172345,0.0016390700000000202
Transformer,transformer_pq_results_v2,20.0,25.0,20–25,P,3,391726,optimal profile,37,24.244152,0.43875277,0.44022942,0.18123841,0.18096167,0.0014766499999999683
Transformer,transformer_pq_results_v2,20.0,25.0,20–25,P,4,390913,optimal profile,28,22.757026,0.33533418,0.33403197,0.1237992,0.12294719,0.0013022099999999703
Transformer,transformer_pq_results_v2,20.0,25.0,20–25,P,5,390763,optimal profile,79,23.470389,0.29527047,0.29656637,0.1343157,0.13547611,0.0012959000000000165
Transformer,transformer_pq_results_v2,20.0,25.0,20–25,Q,1,391737,optimal profile,48,22.863159,0.43597135,0.43812141,0.18652742,0.18829055,0.0017631300000000016
Transformer,transformer_pq_results_v2,20.0,25.0,20–25,Q,2,391303,optimal profile,16,24.80317,0.39069316,0.39058268,0.14316675,0.14157346,0.0015932899999999972
Transformer,transformer_pq_results_v2,20.0,25.0,20–25,Q,3,390726,optimal profile,42,21.948205,0.30537003,0.30492178,0.11938193,0.12077273,0.0013907999999999976
Transformer,transformer_pq_results_v2,20.0,25.0,20–25,Q,4,391158,optimal profile,72,23.223563,0.34560937,0.34479028,0.16187517,0.16051063,0.0013645400000000252
Transformer,transformer_pq_results_v2,20.0,25.0,20–25,Q,5,390713,optimal profile,29,23.270986,0.31023875,0.30970305,0.11073458,0.11204363,0.001309050000000006
Transformer,transformer_pq_results_v2,25.0,30.0,25–30,P,1,391310,optimal profile,23,25.389985,0.38724688,0.38932598,0.14988717,0.15043336,0.0020791000000000004
Transformer,transformer_pq_results_v2,25.0,30.0,25–30,P,2,391378,optimal profile,91,25.349778,0.36592421,0.36775824,0.18293495,0.18367337,0.0018340299999999865
Transformer,transformer_pq_results_v2,25.0,30.0,25–30,P,3,392295,optimal profile,0,26.715821,0.52499998,0.52337962,0.21867324,0.21795839,0.0016203599999999874
Transformer,transformer_pq_results_v2,25.0,30.0,25–30,P,4,391531,optimal profile,43,29.735601,0.40395293,0.40233749,0.18128431,0.18064931,0.001615439999999968
Transformer,transformer_pq_results_v2,25.0,30.0,25–30,P,5,391036,optimal profile,151,27.128119,0.3081224,0.30953833,0.15801246,0.15897103,0.0014159299999999542
Transformer,transformer_pq_results_v2,25.0,30.0,25–30,Q,1,391727,optimal profile,38,28.315196,0.43849054,0.4382022,0.18174534,0.18044828,0.0012970600000000165
Transformer,transformer_pq_results_v2,25.0,30.0,25–30,Q,2,391946,optimal profile,55,27.531566,0.45946461,0.45955798,0.20816824,0.20944186,0.001273620000000003
Transformer,transformer_pq_results_v2,25.0,30.0,25–30,Q,3,391889,optimal profile,200,29.471552,0.41248679,0.41227362,0.21990682,0.21888176,0.0010250599999999943
Transformer,transformer_pq_results_v2,25.0,30.0,25–30,Q,4,391835,optimal profile,146,28.521783,0.41853964,0.41777718,0.21382807,0.21284747,0.0009805999999999981
Transformer,transformer_pq_results_v2,25.0,30.0,25–30,Q,5,391036,optimal profile,151,27.128119,0.3081224,0.30953833,0.15801246,0.15897103,0.0009585700000000197
Transformer,transformer_pq_results_v2,30.0,35.0,30–35,P,1,391930,optimal profile,39,30.774292,0.46335065,0.46550646,0.20089945,0.19978613,0.0021558100000000358
Transformer,transformer_pq_results_v2,30.0,35.0,30–35,P,2,391560,optimal profile,72,30.626276,0.39510241,0.39619759,0.19452402,0.1945911,0.0010951799999999734
Transformer,transformer_pq_results_v2,30.0,35.0,30–35,P,3,392722,optimal profile,23,31.37295,0.56844902,0.56738961,0.27909523,0.27825344,0.0010594099999999829
Transformer,transformer_pq_results_v2,30.0,35.0,30–35,P,4,391716,optimal profile,27,31.432971,0.44148543,0.44050956,0.17586035,0.17520036,0.0009758699999999898
Transformer,transformer_pq_results_v2,30.0,35.0,30–35,P,5,391991,optimal profile,100,31.627542,0.45057213,0.44960937,0.22304368,0.22269568,0.0009627600000000069
Transformer,transformer_pq_results_v2,30.0,35.0,30–35,Q,1,391742,optimal profile,53,32.980118,0.43477863,0.43383867,0.18873324,0.18705715,0.0016760899999999912
Transformer,transformer_pq_results_v2,30.0,35.0,30–35,Q,2,392324,optimal profile,29,30.816156,0.5163694,0.51706749,0.23644084,0.2351568,0.001284040000000014
Transformer,transformer_pq_results_v2,30.0,35.0,30–35,Q,3,392801,optimal profile,102,34.899183,0.55234307,0.55147219,0.30746204,0.30620012,0.001261919999999972
Transformer,transformer_pq_results_v2,30.0,35.0,30–35,Q,4,391759,optimal profile,70,33.859218,0.43102503,0.43129754,0.1954055,0.19428141,0.001124090000000022
Transformer,transformer_pq_results_v2,30.0,35.0,30–35,Q,5,391930,optimal profile,39,30.774292,0.46335065,0.46550646,0.20089945,0.19978613,0.001113320000000001
Transformer,transformer_pq_results_v2,35.0,40.0,35–40,P,1,392041,optimal profile,150,35.295821,0.44323832,0.44212651,0.23288135,0.23268096,0.0011118100000000464
Transformer,transformer_pq_results_v2,35.0,40.0,35–40,P,2,392536,optimal profile,39,35.845207,0.53911227,0.54017746,0.26348019,0.26380104,0.0010651900000000492
Transformer,transformer_pq_results_v2,35.0,40.0,35–40,P,3,392763,optimal profile,64,36.354006,0.55907738,0.56009054,0.29661268,0.29571378,0.0010131600000000685
Transformer,transformer_pq_results_v2,35.0,40.0,35–40,P,4,392448,optimal profile,153,38.509924,0.4937382,0.49276733,0.2729153,0.27334538,0.0009708700000000126
Transformer,transformer_pq_results_v2,35.0,40.0,35–40,P,5,392977,optimal profile,76,35.679716,0.58247852,0.58339393,0.32455468,0.32329446,0.0009154099999999499
Transformer,transformer_pq_results_v2,35.0,40.0,35–40,Q,1,392362,optimal profile,67,39.055526,0.50745851,0.50737858,0.25295943,0.25433719,0.0013777600000000056
Transformer,transformer_pq_results_v2,35.0,40.0,35–40,Q,2,392977,optimal profile,76,35.679716,0.58247852,0.58339393,0.32455468,0.32329446,0.0012602199999999786
Transformer,transformer_pq_results_v2,35.0,40.0,35–40,Q,3,392724,optimal profile,25,35.301849,0.56792861,0.56876576,0.28012785,0.27887914,0.0012487099999999862
Transformer,transformer_pq_results_v2,35.0,40.0,35–40,Q,4,392142,optimal profile,49,38.656722,0.48608664,0.48633289,0.22520287,0.22417465,0.0010282199999999964
Transformer,transformer_pq_results_v2,35.0,40.0,35–40,Q,5,392132,optimal profile,39,36.746932,0.48853585,0.48892248,0.22059391,0.2196188,0.0009751100000000013
Transformer,transformer_pq_results_v2,40.0,45.0,40–45,P,1,393031,optimal profile,130,40.711973,0.57421017,0.57524782,0.33672684,0.33668822,0.001037650000000001
Transformer,transformer_pq_results_v2,40.0,45.0,40–45,P,2,392994,optimal profile,93,40.036854,0.57959431,0.580585,0.32913691,0.32926941,0.0009906900000000718
Transformer,transformer_pq_results_v2,40.0,45.0,40–45,P,3,393066,optimal profile,165,41.765365,0.57000536,0.56905925,0.34161624,0.34212047,0.00094611
Transformer,transformer_pq_results_v2,40.0,45.0,40–45,P,4,392587,optimal profile,90,41.566066,0.52863497,0.52775991,0.28175184,0.28231823,0.0008750600000000386
Transformer,transformer_pq_results_v2,40.0,45.0,40–45,P,5,392075,optimal profile,184,40.536074,0.43930691,0.44016641,0.23696621,0.23696408,0.000859500000000013
Transformer,transformer_pq_results_v2,40.0,45.0,40–45,Q,1,392802,optimal profile,103,41.390756,0.55218583,0.55227858,0.30769387,0.30677322,0.0009206499999999673
Transformer,transformer_pq_results_v2,40.0,45.0,40–45,Q,2,393086,optimal profile,185,42.526284,0.56790692,0.56833756,0.34365919,0.34296113,0.0006980600000000003
Transformer,transformer_pq_results_v2,40.0,45.0,40–45,Q,3,392806,optimal profile,107,40.377727,0.55156589,0.55210721,0.30859724,0.30801684,0.0005803999999999809
Transformer,transformer_pq_results_v2,40.0,45.0,40–45,Q,4,393049,optimal profile,148,44.494211,0.57195491,0.5712887,0.33947453,0.33890706,0.0005674700000000144
Transformer,transformer_pq_results_v2,40.0,45.0,40–45,Q,5,392587,optimal profile,90,41.566066,0.52863497,0.52775991,0.28175184,0.28231823,0.0005663900000000277
Transformer,transformer_pq_results_v2,45.0,50.0,45–50,P,1,392496,optimal profile,355,47.559932,0.47735491,0.4762392,0.28226024,0.28109846,0.0011157100000000475
Transformer,transformer_pq_results_v2,45.0,50.0,45–50,P,2,393036,optimal profile,135,45.431854,0.57356244,0.57411534,0.33754429,0.33702779,0.0005528999999999673
Transformer,transformer_pq_results_v2,45.0,50.0,45–50,P,3,333673,AFP Profile,1,47.449137,0.35044858,0.34992674,0.25380147,0.25343639,0.0005218399999999956
Transformer,transformer_pq_results_v2,45.0,50.0,45–50,P,4,393044,optimal profile,143,46.207079,0.57256055,0.57204694,0.33876419,0.3387202,0.0005136099999999422
Transformer,transformer_pq_results_v2,45.0,50.0,45–50,P,5,392597,optimal profile,100,45.589011,0.52694875,0.52740204,0.28433317,0.28428614,0.0004532900000000506
Transformer,transformer_pq_results_v2,45.0,50.0,45–50,Q,1,392496,optimal profile,355,47.559932,0.47735491,0.4762392,0.28226024,0.28109846,0.0011617800000000011
Transformer,transformer_pq_results_v2,45.0,50.0,45–50,Q,2,392848,optimal profile,149,46.400624,0.54582679,0.54595745,0.31608072,0.31707215,0.0009914300000000154
Transformer,transformer_pq_results_v2,45.0,50.0,45–50,Q,3,393092,optimal profile,191,47.015333,0.56731433,0.56757456,0.34418401,0.34479085,0.0006068399999999974
Transformer,transformer_pq_results_v2,45.0,50.0,45–50,Q,4,393036,optimal profile,135,45.431854,0.57356244,0.57411534,0.33754429,0.33702779,0.0005165000000000308
Transformer,transformer_pq_results_v2,45.0,50.0,45–50,Q,5,333673,AFP Profile,1,47.449137,0.35044858,0.34992674,0.25380147,0.25343639,0.0003650799999999621
Transformer,transformer_pq_results_v2,50.0,55.0,50–55,P,1,392793,optimal profile,94,52.808701,0.55363482,0.55296463,0.3055177,0.30497849,0.0006701900000000149
Transformer,transformer_pq_results_v2,50.0,55.0,50–55,P,2,393074,optimal profile,173,52.121253,0.56914222,0.56848532,0.34249061,0.34243143,0.0006569000000000713
Transformer,transformer_pq_results_v2,50.0,55.0,50–55,P,3,392945,optimal profile,44,51.767192,0.58879954,0.58826357,0.31348249,0.31445259,0.0005359700000000522
Transformer,transformer_pq_results_v2,50.0,55.0,50–55,P,4,365765,AFP Profile,89,50.980811,0.46442506,0.46481526,0.32119408,0.3213625,0.0003902000000000072
Transformer,transformer_pq_results_v2,50.0,55.0,50–55,P,5,382092,AFP Profile,414,51.788143,0.52628481,0.52664918,0.36017743,0.36034524,0.00036437000000000275
Transformer,transformer_pq_results_v2,50.0,55.0,50–55,Q,1,392945,optimal profile,44,51.767192,0.58879954,0.58826357,0.31348249,0.31445259,0.0009700999999999738
Transformer,transformer_pq_results_v2,50.0,55.0,50–55,Q,2,393080,optimal profile,179,50.870523,0.56851602,0.56844056,0.34309545,0.34252906,0.0005663900000000277
Transformer,transformer_pq_results_v2,50.0,55.0,50–55,Q,3,392793,optimal profile,94,52.808701,0.55363482,0.55296463,0.3055177,0.30497849,0.0005392100000000122
Transformer,transformer_pq_results_v2,50.0,55.0,50–55,Q,4,365786,AFP Profile,110,52.787655,0.46476823,0.46498552,0.32116532,0.32142699,0.00026167000000004714
Transformer,transformer_pq_results_v2,50.0,55.0,50–55,Q,5,333789,AFP Profile,117,52.147442,0.35262561,0.35233063,0.25353003,0.25330105,0.00022897999999998975
Transformer,transformer_pq_results_v2,55.0,60.0,55–60,P,1,381949,AFP Profile,271,57.834509,0.52423787,0.5245806,0.36032742,0.36046606,0.0003427299999999578
Transformer,transformer_pq_results_v2,55.0,60.0,55–60,P,2,373895,AFP Profile,218,55.711,0.49539614,0.4957307,0.34015936,0.34029111,0.00033456000000003927
Transformer,transformer_pq_results_v2,55.0,60.0,55–60,P,3,382267,AFP Profile,589,59.179874,0.52870828,0.52841359,0.35993063,0.35982138,0.00029469000000004186
Transformer,transformer_pq_results_v2,55.0,60.0,55–60,P,4,382168,AFP Profile,490,55.943107,0.5273481,0.52763486,0.36007851,0.36008561,0.00028676000000005253
Transformer,transformer_pq_results_v2,55.0,60.0,55–60,P,5,382403,AFP Profile,725,57.288779,0.53053176,0.53080475,0.35969388,0.35981628,0.0002729900000000285
Transformer,transformer_pq_results_v2,55.0,60.0,55–60,Q,1,373791,AFP Profile,114,58.750848,0.49379519,0.49395633,0.34028378,0.34053409,0.00025031000000003134
Transformer,transformer_pq_results_v2,55.0,60.0,55–60,Q,2,383432,AFP Profile,1754,58.165341,0.54279006,0.54292142,0.35686162,0.35709596,0.00023433999999999955
Transformer,transformer_pq_results_v2,55.0,60.0,55–60,Q,3,374149,AFP Profile,472,58.209059,0.49916348,0.49929428,0.33974588,0.33998021,0.0002343300000000048
Transformer,transformer_pq_results_v2,55.0,60.0,55–60,Q,4,373716,AFP Profile,39,55.074157,0.49261895,0.49258405,0.34035629,0.3405655,0.00020921000000001522
Transformer,transformer_pq_results_v2,55.0,60.0,55–60,Q,5,374710,AFP Profile,1033,57.936209,0.5068146,0.50692177,0.33835229,0.33853328,0.000180989999999992
Transformer,transformer_pq_results_v2,60.0,75.0,60–75,P,1,381879,AFP Profile,201,67.05204,0.52321333,0.52354926,0.36038288,0.36044401,0.0003359299999999843
Transformer,transformer_pq_results_v2,60.0,75.0,60–75,P,2,381880,AFP Profile,202,64.00164,0.52322811,0.52291447,0.3603822,0.36027235,0.0003136400000000039
Transformer,transformer_pq_results_v2,60.0,75.0,60–75,P,3,381715,AFP Profile,37,68.18475,0.5207535,0.5204559,0.36046413,0.36046231,0.00029760000000000897
Transformer,transformer_pq_results_v2,60.0,75.0,60–75,P,4,383143,AFP Profile,1465,61.516759,0.53960425,0.5398789,0.35781795,0.35806376,0.0002746500000000429
Transformer,transformer_pq_results_v2,60.0,75.0,60–75,P,5,373810,AFP Profile,133,62.975563,0.49409026,0.49433702,0.3402631,0.34046987,0.0002467600000000125
Transformer,transformer_pq_results_v2,60.0,75.0,60–75,Q,1,382018,AFP Profile,340,63.398394,0.52523315,0.52499533,0.36026108,0.36000264,0.0002584400000000264
Transformer,transformer_pq_results_v2,60.0,75.0,60–75,Q,2,383143,AFP Profile,1465,61.516759,0.53960425,0.5398789,0.35781795,0.35806376,0.00024581000000001296
Transformer,transformer_pq_results_v2,60.0,75.0,60–75,Q,3,373810,AFP Profile,133,62.975563,0.49409026,0.49433702,0.3402631,0.34046987,0.00020677000000002277
Transformer,transformer_pq_results_v2,60.0,75.0,60–75,Q,4,381759,AFP Profile,81,65.399636,0.52142179,0.52131671,0.36044919,0.36064887,0.00019968000000003538
Transformer,transformer_pq_results_v2,60.0,75.0,60–75,Q,5,374457,AFP Profile,780,61.729819,0.50347346,0.50335228,0.33905572,0.33885866,0.00019706000000002666
Old Polarization Model,old_model_pq_results_v1,5.0,10.0,5–10,P,1,389688,optimal profile,9,8.6176732,0.19583207,0.19596879,0.039098427,0.039488845,0.00013672000000000684
Old Polarization Model,old_model_pq_results_v1,5.0,10.0,5–10,P,2,818,ssRF,14,9.9630055,0.19823171,0.19836479,0.034723945,0.034446895,0.00013308000000000764
Old Polarization Model,old_model_pq_results_v1,5.0,10.0,5–10,P,3,22767,ssRF,54,9.8762658,0.2218363,0.22195628,0.044609785,0.044368178,0.00011998000000001952
Old Polarization Model,old_model_pq_results_v1,5.0,10.0,5–10,P,4,21310,ssRF,4,8.7608747,0.22454658,0.22444244,0.039430529,0.039646648,0.00010414000000000256
Old Polarization Model,old_model_pq_results_v1,5.0,10.0,5–10,P,5,26743,ssRF,10,9.9601893,0.22460985,0.22470362,0.038534164,0.038538806,9.376999999999303e-05
Old Polarization Model,old_model_pq_results_v1,5.0,10.0,5–10,Q,1,389688,optimal profile,9,8.6176732,0.19583207,0.19596879,0.039098427,0.039488845,0.0003904180000000035
Old Polarization Model,old_model_pq_results_v1,5.0,10.0,5–10,Q,2,14266,ssRF,196,8.4505851,0.19985086,0.19976297,0.030495144,0.030790634,0.0002954900000000024
Old Polarization Model,old_model_pq_results_v1,5.0,10.0,5–10,Q,3,818,ssRF,14,9.9630055,0.19823171,0.19836479,0.034723945,0.034446895,0.0002770500000000009
Old Polarization Model,old_model_pq_results_v1,5.0,10.0,5–10,Q,4,22767,ssRF,54,9.8762658,0.2218363,0.22195628,0.044609785,0.044368178,0.00024160699999999785
Old Polarization Model,old_model_pq_results_v1,5.0,10.0,5–10,Q,5,21310,ssRF,4,8.7608747,0.22454658,0.22444244,0.039430529,0.039646648,0.00021611900000000073
Old Polarization Model,old_model_pq_results_v1,10.0,15.0,10–15,P,1,389894,optimal profile,14,14.641113,0.21831241,0.21479292,0.052411765,0.05146499,0.003519490000000014
Old Polarization Model,old_model_pq_results_v1,10.0,15.0,10–15,P,2,390332,optimal profile,50,14.379313,0.25429171,0.25257143,0.097569577,0.097397327,0.0017202800000000185
Old Polarization Model,old_model_pq_results_v1,10.0,15.0,10–15,P,3,389701,optimal profile,22,12.703871,0.19076948,0.18914652,0.049295411,0.049580254,0.0016229599999999789
Old Polarization Model,old_model_pq_results_v1,10.0,15.0,10–15,P,4,390496,optimal profile,13,13.824858,0.29280606,0.29128,0.083823361,0.082048893,0.0015260599999999958
Old Polarization Model,old_model_pq_results_v1,10.0,15.0,10–15,P,5,389750,optimal profile,71,14.16251,0.17843653,0.17985693,0.070042841,0.070204802,0.0014203999999999883
Old Polarization Model,old_model_pq_results_v1,10.0,15.0,10–15,Q,1,390496,optimal profile,13,13.824858,0.29280606,0.29128,0.083823361,0.082048893,0.0017744680000000013
Old Polarization Model,old_model_pq_results_v1,10.0,15.0,10–15,Q,2,390093,optimal profile,12,14.946081,0.24383879,0.24515575,0.060459532,0.061693586,0.0012340539999999983
Old Polarization Model,old_model_pq_results_v1,10.0,15.0,10–15,Q,3,389744,optimal profile,65,13.879874,0.17953894,0.17994602,0.068522103,0.069654115,0.0011320120000000017
Old Polarization Model,old_model_pq_results_v1,10.0,15.0,10–15,Q,4,389894,optimal profile,14,14.641113,0.21831241,0.21479292,0.052411765,0.05146499,0.0009467749999999969
Old Polarization Model,old_model_pq_results_v1,10.0,15.0,10–15,Q,5,390098,optimal profile,17,10.672667,0.24159186,0.24298406,0.065004386,0.065921098,0.0009167120000000001
Old Polarization Model,old_model_pq_results_v1,15.0,20.0,15–20,P,1,390572,optimal profile,89,17.95579,0.26928645,0.2671454,0.12279865,0.12224006,0.002141050000000033
Old Polarization Model,old_model_pq_results_v1,15.0,20.0,15–20,P,2,390809,optimal profile,125,19.456138,0.28742784,0.28956404,0.14173235,0.14301695,0.0021362000000000325
Old Polarization Model,old_model_pq_results_v1,15.0,20.0,15–20,P,3,390679,optimal profile,196,19.556628,0.25799343,0.25595751,0.1293371,0.12831067,0.0020359200000000244
Old Polarization Model,old_model_pq_results_v1,15.0,20.0,15–20,P,4,389906,optimal profile,26,15.322137,0.21363042,0.21165808,0.061612517,0.060981311,0.001972339999999989
Old Polarization Model,old_model_pq_results_v1,15.0,20.0,15–20,P,5,390413,optimal profile,131,18.507328,0.23960803,0.2415392,0.11459927,0.1153615,0.0019311700000000098
Old Polarization Model,old_model_pq_results_v1,15.0,20.0,15–20,Q,1,390362,optimal profile,80,18.015483,0.2472118,0.24605727,0.10764472,0.10619917,0.0014455500000000038
Old Polarization Model,old_model_pq_results_v1,15.0,20.0,15–20,Q,2,390699,optimal profile,15,18.57623,0.31657961,0.31842899,0.098471031,0.099861003,0.0013899720000000032
Old Polarization Model,old_model_pq_results_v1,15.0,20.0,15–20,Q,3,390809,optimal profile,125,19.456138,0.28742784,0.28956404,0.14173235,0.14301695,0.0012845999999999969
Old Polarization Model,old_model_pq_results_v1,15.0,20.0,15–20,Q,4,390666,optimal profile,183,18.272498,0.25799343,0.25919223,0.12952876,0.1307587,0.0012299400000000127
Old Polarization Model,old_model_pq_results_v1,15.0,20.0,15–20,Q,5,390722,optimal profile,38,18.027464,0.30677712,0.30692196,0.11696205,0.11814381,0.001181760000000004
Old Polarization Model,old_model_pq_results_v1,20.0,25.0,20–25,P,1,390763,optimal profile,79,23.470389,0.29527047,0.29780832,0.1343157,0.13566317,0.002537850000000008
Old Polarization Model,old_model_pq_results_v1,20.0,25.0,20–25,P,2,391158,optimal profile,72,23.223563,0.34560937,0.34318468,0.16187517,0.16006906,0.002424690000000007
Old Polarization Model,old_model_pq_results_v1,20.0,25.0,20–25,P,3,391136,optimal profile,50,24.595554,0.35186002,0.34968144,0.15278788,0.15189084,0.0021785799999999855
Old Polarization Model,old_model_pq_results_v1,20.0,25.0,20–25,P,4,390364,optimal profile,82,20.678402,0.24682625,0.24883021,0.10810846,0.10907544,0.002003959999999999
Old Polarization Model,old_model_pq_results_v1,20.0,25.0,20–25,P,5,391368,optimal profile,81,24.263001,0.36809906,0.36996618,0.18049721,0.18182422,0.0018671199999999999
Old Polarization Model,old_model_pq_results_v1,20.0,25.0,20–25,Q,1,391303,optimal profile,16,24.80317,0.39069316,0.38913926,0.14316675,0.14126772,0.001899029999999996
Old Polarization Model,old_model_pq_results_v1,20.0,25.0,20–25,Q,2,391158,optimal profile,72,23.223563,0.34560937,0.34318468,0.16187517,0.16006906,0.0018061099999999997
Old Polarization Model,old_model_pq_results_v1,20.0,25.0,20–25,Q,3,390888,optimal profile,3,21.079421,0.34812191,0.34798813,0.098123588,0.096377939,0.001745649000000002
Old Polarization Model,old_model_pq_results_v1,20.0,25.0,20–25,Q,4,390726,optimal profile,42,21.948205,0.30537003,0.30529946,0.11938193,0.1207885,0.0014065699999999959
Old Polarization Model,old_model_pq_results_v1,20.0,25.0,20–25,Q,5,390763,optimal profile,79,23.470389,0.29527047,0.29780832,0.1343157,0.13566317,0.0013474699999999895
Old Polarization Model,old_model_pq_results_v1,25.0,30.0,25–30,P,1,391472,optimal profile,185,29.521962,0.35312095,0.35078806,0.19013733,0.18884829,0.0023328899999999764
Old Polarization Model,old_model_pq_results_v1,25.0,30.0,25–30,P,2,390976,optimal profile,91,27.253044,0.31699535,0.3146753,0.15165415,0.15103167,0.002320050000000018
Old Polarization Model,old_model_pq_results_v1,25.0,30.0,25–30,P,3,391036,optimal profile,151,27.128119,0.3081224,0.31035966,0.15801246,0.15923439,0.002237259999999963
Old Polarization Model,old_model_pq_results_v1,25.0,30.0,25–30,P,4,391378,optimal profile,91,25.349778,0.36592421,0.36803409,0.18293495,0.18368842,0.002109879999999953
Old Polarization Model,old_model_pq_results_v1,25.0,30.0,25–30,P,5,391162,optimal profile,76,25.521755,0.34463695,0.34673521,0.16311944,0.16449408,0.0020982600000000184
Old Polarization Model,old_model_pq_results_v1,25.0,30.0,25–30,Q,1,391162,optimal profile,76,25.521755,0.34463695,0.34673521,0.16311944,0.16449408,0.0013746399999999825
Old Polarization Model,old_model_pq_results_v1,25.0,30.0,25–30,Q,2,391472,optimal profile,185,29.521962,0.35312095,0.35078806,0.19013733,0.18884829,0.0012890399999999913
Old Polarization Model,old_model_pq_results_v1,25.0,30.0,25–30,Q,3,391036,optimal profile,151,27.128119,0.3081224,0.31035966,0.15801246,0.15923439,0.00122193000000001
Old Polarization Model,old_model_pq_results_v1,25.0,30.0,25–30,Q,4,392295,optimal profile,0,26.715821,0.52499998,0.52580965,0.21867324,0.21764046,0.0010327799999999832
Old Polarization Model,old_model_pq_results_v1,25.0,30.0,25–30,Q,5,390912,optimal profile,27,28.56589,0.33576235,0.33593652,0.12300047,0.12198573,0.00101474
Old Polarization Model,old_model_pq_results_v1,30.0,35.0,30–35,P,1,335737,AFP Profile,2065,31.135908,0.38240346,0.38085547,0.24466525,0.2436893,0.001547989999999999
Old Polarization Model,old_model_pq_results_v1,30.0,35.0,30–35,P,2,391415,optimal profile,128,30.755748,0.35952878,0.35802102,0.1882544,0.18711269,0.0015077599999999691
Old Polarization Model,old_model_pq_results_v1,30.0,35.0,30–35,P,3,391365,optimal profile,78,30.736508,0.36879843,0.36758065,0.1796547,0.17880908,0.0012177800000000016
Old Polarization Model,old_model_pq_results_v1,30.0,35.0,30–35,P,4,391449,optimal profile,162,32.399032,0.35524258,0.35428888,0.1899647,0.18977916,0.0009537000000000018
Old Polarization Model,old_model_pq_results_v1,30.0,35.0,30–35,P,5,391427,optimal profile,140,32.929835,0.35787791,0.35716087,0.18910769,0.18913536,0.0007170400000000021
Old Polarization Model,old_model_pq_results_v1,30.0,35.0,30–35,Q,1,391415,optimal profile,128,30.755748,0.35952878,0.35802102,0.1882544,0.18711269,0.0011417099999999902
Old Polarization Model,old_model_pq_results_v1,30.0,35.0,30–35,Q,2,335737,AFP Profile,2065,31.135908,0.38240346,0.38085547,0.24466525,0.2436893,0.0009759500000000032
Old Polarization Model,old_model_pq_results_v1,30.0,35.0,30–35,Q,3,391930,optimal profile,39,30.774292,0.46335065,0.463718,0.20089945,0.20000294,0.000896510000000017
Old Polarization Model,old_model_pq_results_v1,30.0,35.0,30–35,Q,4,391365,optimal profile,78,30.736508,0.36879843,0.36758065,0.1796547,0.17880908,0.0008456199999999914
Old Polarization Model,old_model_pq_results_v1,30.0,35.0,30–35,Q,5,391759,optimal profile,70,33.859218,0.43102503,0.43133801,0.1954055,0.19473529,0.0006702100000000044
Old Polarization Model,old_model_pq_results_v1,35.0,40.0,35–40,P,1,391463,optimal profile,176,37.178703,0.35378206,0.35301951,0.19015701,0.18978432,0.0007625500000000285
Old Polarization Model,old_model_pq_results_v1,35.0,40.0,35–40,P,2,391585,optimal profile,97,37.519028,0.3894766,0.38872427,0.20095855,0.2007113,0.0007523300000000233
Old Polarization Model,old_model_pq_results_v1,35.0,40.0,35–40,P,3,392519,optimal profile,22,38.595502,0.54348522,0.54291475,0.25493789,0.25492567,0.0005704699999999896
Old Polarization Model,old_model_pq_results_v1,35.0,40.0,35–40,P,4,392041,optimal profile,150,35.295821,0.44323832,0.44268155,0.23288135,0.23309673,0.0005567700000000397
Old Polarization Model,old_model_pq_results_v1,35.0,40.0,35–40,P,5,392362,optimal profile,67,39.055526,0.50745851,0.50692451,0.25295943,0.25358263,0.0005339999999999234
Old Polarization Model,old_model_pq_results_v1,35.0,40.0,35–40,Q,1,392724,optimal profile,25,35.301849,0.56792861,0.56839937,0.28012785,0.27922559,0.0009022599999999881
Old Polarization Model,old_model_pq_results_v1,35.0,40.0,35–40,Q,2,392411,optimal profile,116,37.253408,0.49880165,0.49878198,0.26652014,0.26725298,0.0007328399999999569
Old Polarization Model,old_model_pq_results_v1,35.0,40.0,35–40,Q,3,392296,optimal profile,1,35.443508,0.52467012,0.52498937,0.2193782,0.21868846,0.0006897399999999942
Old Polarization Model,old_model_pq_results_v1,35.0,40.0,35–40,Q,4,392132,optimal profile,39,36.746932,0.48853585,0.48877689,0.22059391,0.2199495,0.0006444100000000119
Old Polarization Model,old_model_pq_results_v1,35.0,40.0,35–40,Q,5,392362,optimal profile,67,39.055526,0.50745851,0.50692451,0.25295943,0.25358263,0.0006231999999999904
Old Polarization Model,old_model_pq_results_v1,40.0,45.0,40–45,P,1,392587,optimal profile,90,41.566066,0.52863497,0.52769864,0.28175184,0.2817561,0.0009363300000000407
Old Polarization Model,old_model_pq_results_v1,40.0,45.0,40–45,P,2,392687,optimal profile,190,44.116151,0.51535434,0.51481426,0.29834932,0.29800236,0.0005400800000000539
Old Polarization Model,old_model_pq_results_v1,40.0,45.0,40–45,P,3,383998,AFP Profile,2320,40.289502,0.54851258,0.54904813,0.3547132,0.35507765,0.0005355499999999402
Old Polarization Model,old_model_pq_results_v1,40.0,45.0,40–45,P,4,392639,optimal profile,142,40.525502,0.52084523,0.52132106,0.29261127,0.29296434,0.0004758299999999549
Old Polarization Model,old_model_pq_results_v1,40.0,45.0,40–45,P,5,392487,optimal profile,192,42.046064,0.48937103,0.48981142,0.27727434,0.27726424,0.0004403900000000127
Old Polarization Model,old_model_pq_results_v1,40.0,45.0,40–45,Q,1,233175,ssRF,15,43.764155,0.57135731,0.57127869,0.27340966,0.27397114,0.0005614800000000031
Old Polarization Model,old_model_pq_results_v1,40.0,45.0,40–45,Q,2,392624,optimal profile,127,43.768957,0.5228616,0.52302426,0.29007614,0.29060775,0.0005316100000000157
Old Polarization Model,old_model_pq_results_v1,40.0,45.0,40–45,Q,3,244824,ssRF,6,40.348925,0.5988974,0.59870785,0.29303986,0.29251906,0.0005207999999999879
Old Polarization Model,old_model_pq_results_v1,40.0,45.0,40–45,Q,4,392456,optimal profile,161,40.179026,0.49277076,0.49280179,0.27398059,0.27450034,0.0005197499999999855
Old Polarization Model,old_model_pq_results_v1,40.0,45.0,40–45,Q,5,233369,ssRF,8,40.0264,0.57284498,0.57289135,0.27033395,0.27079567,0.0004617199999999988
Old Polarization Model,old_model_pq_results_v1,45.0,50.0,45–50,P,1,392496,optimal profile,355,47.559932,0.47735491,0.45904624,0.28226024,0.26999295,0.018308670000000027
Old Polarization Model,old_model_pq_results_v1,45.0,50.0,45–50,P,2,374022,AFP Profile,345,45.655531,0.49730465,0.49673849,0.33997142,0.33946568,0.0005661600000000377
Old Polarization Model,old_model_pq_results_v1,45.0,50.0,45–50,P,3,375914,AFP Profile,2237,49.030095,0.52054918,0.52002835,0.33373383,0.33335719,0.0005208299999999166
Old Polarization Model,old_model_pq_results_v1,45.0,50.0,45–50,P,4,392848,optimal profile,149,46.400624,0.54582679,0.54536736,0.31608072,0.31629941,0.0004594300000000384
Old Polarization Model,old_model_pq_results_v1,45.0,50.0,45–50,P,5,373769,AFP Profile,92,48.156431,0.49345207,0.49379766,0.34030658,0.34056991,0.0003455900000000067
Old Polarization Model,old_model_pq_results_v1,45.0,50.0,45–50,Q,1,392496,optimal profile,355,47.559932,0.47735491,0.45904624,0.28226024,0.26999295,0.012267289999999986
Old Polarization Model,old_model_pq_results_v1,45.0,50.0,45–50,Q,2,374022,AFP Profile,345,45.655531,0.49730465,0.49673849,0.33997142,0.33946568,0.0005057400000000323
Old Polarization Model,old_model_pq_results_v1,45.0,50.0,45–50,Q,3,393083,optimal profile,182,46.921388,0.56820935,0.56796443,0.34338233,0.3438077,0.0004253699999999805
Old Polarization Model,old_model_pq_results_v1,45.0,50.0,45–50,Q,4,375914,AFP Profile,2237,49.030095,0.52054918,0.52002835,0.33373383,0.33335719,0.00037663999999998365
Old Polarization Model,old_model_pq_results_v1,45.0,50.0,45–50,Q,5,350467,AFP Profile,793,46.982886,0.4158617,0.41573307,0.28441519,0.2840488,0.0003663899999999942
Old Polarization Model,old_model_pq_results_v1,50.0,55.0,50–55,P,1,392945,optimal profile,44,51.767192,0.58879954,0.588359,0.31348249,0.31370109,0.0004405400000000448
Old Polarization Model,old_model_pq_results_v1,50.0,55.0,50–55,P,2,373738,AFP Profile,61,50.532884,0.49296588,0.49335027,0.34033653,0.34054413,0.0003843899999999567
Old Polarization Model,old_model_pq_results_v1,50.0,55.0,50–55,P,3,393080,optimal profile,179,50.870523,0.56851602,0.56822902,0.34309545,0.34308773,0.0002870000000000372
Old Polarization Model,old_model_pq_results_v1,50.0,55.0,50–55,P,4,380635,AFP Profile,6958,51.938081,0.55156273,0.55130219,0.30930442,0.30914763,0.0002605399999999758
Old Polarization Model,old_model_pq_results_v1,50.0,55.0,50–55,P,5,376852,AFP Profile,3175,50.429841,0.52916437,0.52891409,0.3291955,0.32895762,0.00025028000000004713
Old Polarization Model,old_model_pq_results_v1,50.0,55.0,50–55,Q,1,393074,optimal profile,173,52.121253,0.56914222,0.56910247,0.34249061,0.34280157,0.00031096000000002677
Old Polarization Model,old_model_pq_results_v1,50.0,55.0,50–55,Q,2,393068,optimal profile,167,54.683547,0.56978649,0.56987447,0.34184241,0.34210998,0.00026756999999999476
Old Polarization Model,old_model_pq_results_v1,50.0,55.0,50–55,Q,3,376852,AFP Profile,3175,50.429841,0.52916437,0.52891409,0.3291955,0.32895762,0.00023787999999996812
Old Polarization Model,old_model_pq_results_v1,50.0,55.0,50–55,Q,4,392945,optimal profile,44,51.767192,0.58879954,0.588359,0.31348249,0.31370109,0.00021860000000001323
Old Polarization Model,old_model_pq_results_v1,50.0,55.0,50–55,Q,5,373738,AFP Profile,61,50.532884,0.49296588,0.49335027,0.34033653,0.34054413,0.00020759999999997447
Old Polarization Model,old_model_pq_results_v1,55.0,60.0,55–60,P,1,373791,AFP Profile,114,58.750848,0.49379519,0.49412727,0.34028378,0.3404755,0.00033208000000001237
Old Polarization Model,old_model_pq_results_v1,55.0,60.0,55–60,P,2,365944,AFP Profile,268,57.601579,0.46730271,0.46698901,0.32091233,0.32078022,0.00031370000000002785
Old Polarization Model,old_model_pq_results_v1,55.0,60.0,55–60,P,3,373742,AFP Profile,65,55.510878,0.49302879,0.49327987,0.34033281,0.34047335,0.0002510800000000146
Old Polarization Model,old_model_pq_results_v1,55.0,60.0,55–60,P,4,374149,AFP Profile,472,58.209059,0.49916348,0.49939874,0.33974588,0.33983329,0.0002352600000000149
Old Polarization Model,old_model_pq_results_v1,55.0,60.0,55–60,P,5,350003,AFP Profile,329,56.767212,0.40810579,0.4078801,0.28562793,0.28551328,0.0002256900000000006
Old Polarization Model,old_model_pq_results_v1,55.0,60.0,55–60,Q,1,373791,AFP Profile,114,58.750848,0.49379519,0.49412727,0.34028378,0.3404755,0.00019172000000000633
Old Polarization Model,old_model_pq_results_v1,55.0,60.0,55–60,Q,2,375755,AFP Profile,2078,56.175245,0.51892161,0.51881015,0.33443886,0.33426738,0.00017148000000000163
Old Polarization Model,old_model_pq_results_v1,55.0,60.0,55–60,Q,3,373987,AFP Profile,310,57.728887,0.4967837,0.49666464,0.34002703,0.33986366,0.00016336999999999602
Old Polarization Model,old_model_pq_results_v1,55.0,60.0,55–60,Q,4,382182,AFP Profile,504,58.013961,0.52754217,0.52767986,0.3600589,0.36021847,0.00015956999999999777
Old Polarization Model,old_model_pq_results_v1,55.0,60.0,55–60,Q,5,373742,AFP Profile,65,55.510878,0.49302879,0.49327987,0.34033281,0.34047335,0.00014054000000002231
Old Polarization Model,old_model_pq_results_v1,60.0,75.0,60–75,P,1,373687,AFP Profile,10,61.798508,0.49215916,0.4918862,0.34038031,0.34003785,0.00027295999999998877
Old Polarization Model,old_model_pq_results_v1,60.0,75.0,60–75,P,2,366205,AFP Profile,529,62.828617,0.47131148,0.47106218,0.32036173,0.32029191,0.00024930000000000785
Old Polarization Model,old_model_pq_results_v1,60.0,75.0,60–75,P,3,382196,AFP Profile,518,63.085633,0.52773565,0.52790475,0.36003885,0.36011994,0.0001691000000000331
Old Polarization Model,old_model_pq_results_v1,60.0,75.0,60–75,P,4,381879,AFP Profile,201,67.05204,0.52321333,0.52337492,0.36038288,0.36041403,0.00016158999999993373
Old Polarization Model,old_model_pq_results_v1,60.0,75.0,60–75,P,5,382689,AFP Profile,1011,61.886148,0.53420299,0.53436267,0.35907888,0.35912764,0.00015967999999999538
Old Polarization Model,old_model_pq_results_v1,60.0,75.0,60–75,Q,1,373687,AFP Profile,10,61.798508,0.49215916,0.4918862,0.34038031,0.34003785,0.0003424600000000444
Old Polarization Model,old_model_pq_results_v1,60.0,75.0,60–75,Q,2,382009,AFP Profile,331,61.129416,0.52510417,0.52518511,0.36027035,0.36044365,0.00017329999999998735
Old Polarization Model,old_model_pq_results_v1,60.0,75.0,60–75,Q,3,373730,AFP Profile,53,63.844448,0.4928399,0.49268317,0.34034386,0.34019753,0.00014632999999997232
Old Polarization Model,old_model_pq_results_v1,60.0,75.0,60–75,Q,4,374457,AFP Profile,780,61.729819,0.50347346,0.50362623,0.33905572,0.33919722,0.0001415000000000166
Old Polarization Model,old_model_pq_results_v1,60.0,75.0,60–75,Q,5,373852,AFP Profile,175,65.190496,0.4947384,0.49480867,0.34021407,0.34033597,0.00012190000000000811
