model,observable,snr_lo,snr_hi,n,mae,r2
LSTM,P,5.0,10.0,8815,1.6206504821327516e-05,0.9999938110720227
LSTM,P,10.0,15.0,68749,1.8367240541680645e-05,0.9999988375476351
LSTM,P,15.0,20.0,72528,1.906709712111185e-05,0.9999993124051867
LSTM,P,20.0,25.0,64630,1.890018087575423e-05,0.9999997633931965
LSTM,P,25.0,30.0,57516,2.0809803706794625e-05,0.9999997892994925
LSTM,P,30.0,35.0,48716,2.2009943960916224e-05,0.9999997797488164
LSTM,P,35.0,40.0,35796,2.3928165996200867e-05,0.9999997071184977
LSTM,P,40.0,45.0,20496,2.6531064597970376e-05,0.9999996241481331
LSTM,P,45.0,50.0,9797,2.871409411044167e-05,0.9999995101067521
LSTM,P,50.0,55.0,4129,2.945503027367475e-05,0.9999994451100489
LSTM,P,55.0,60.0,1424,3.122514044943818e-05,0.999999077532694
LSTM,P,60.0,65.0,407,3.0097985257987145e-05,0.99999819466718
LSTM,P,65.0,85.0,100,3.325479999999714e-05,0.9999960662164716
LSTM,Q,5.0,10.0,8815,9.870447078842912e-06,0.9999868976068365
LSTM,Q,10.0,15.0,68749,1.1358657682293571e-05,0.9999977935301363
LSTM,Q,15.0,20.0,72528,1.332572074233399e-05,0.9999981563176896
LSTM,Q,20.0,25.0,64630,1.4411644035277706e-05,0.9999985987573052
LSTM,Q,25.0,30.0,57516,1.66387998122262e-05,0.9999988270525563
LSTM,Q,30.0,35.0,48716,1.8266584653912605e-05,0.9999985928193872
LSTM,Q,35.0,40.0,35796,1.8634952508660194e-05,0.9999982293202583
LSTM,Q,40.0,45.0,20496,1.8220353727556515e-05,0.9999983194082747
LSTM,Q,45.0,50.0,9797,1.6391663774625406e-05,0.9999987260535509
LSTM,Q,50.0,55.0,4129,1.4997515136837223e-05,0.9999989979367396
LSTM,Q,55.0,60.0,1424,1.4469515449438538e-05,0.9999991720670931
LSTM,Q,60.0,65.0,407,1.6029877149877697e-05,0.9999984161326129
LSTM,Q,65.0,85.0,100,1.9501899999999072e-05,0.9999965829868277
