event_idx,model,true_P,true_Q,pred_P,pred_Q,RPE_P_pct,RPE_Q_pct,snr
85,True,0.19788647,0.033067457,0.19788647,0.033067457,,,6.4619284
85,LSTM,0.19788647,0.033067457,0.19788355,0.033064187,0.0014759108,0.0098913107,6.4619284
85,CNN,0.19788647,0.033067457,0.19788587,0.033135161,0.00030120628,0.20474337,6.4619284
85,MLP,0.19788647,0.033067457,0.19770461,0.03314878,0.091898032,0.24593088,6.4619284
85,Transformer,0.19788647,0.033067457,0.19790663,0.033090867,0.010188302,0.070793845,6.4619284
85,Old Polarization Model,0.19788647,0.033067457,0.19789603,0.033041276,0.0048343604,0.079175547,6.4619284
208130,True,0.49992675,0.19720998,0.49992675,0.19720998,,,29.408706
208130,LSTM,0.49992675,0.19720998,0.49994779,0.19719864,0.0042087045,0.0057501062,29.408706
208130,CNN,0.49992675,0.19720998,0.49992388,0.19720818,0.00057228847,0.00091427448,29.408706
208130,MLP,0.49992675,0.19720998,0.49992424,0.1972916,0.00050075236,0.041384142,29.408706
208130,Transformer,0.49992675,0.19720998,0.49992225,0.19717401,0.00090016203,0.018240154,29.408706
208130,Old Polarization Model,0.49992675,0.19720998,0.49991876,0.19720279,0.0015976386,0.0036495416,29.408706
244215,True,0.60000002,0.29119924,0.60000002,0.29119924,,,34.816736
244215,LSTM,0.60000002,0.29119924,0.60001576,0.29111594,0.0026226041,0.028604982,34.816736
244215,CNN,0.60000002,0.29119924,0.59971225,0.29121029,0.047961868,0.0037969402,34.816736
244215,MLP,0.60000002,0.29119924,0.60034335,0.29329896,0.057220459,0.72106051,34.816736
244215,Transformer,0.60000002,0.29119924,0.59983271,0.29097825,0.027885038,0.075887635,34.816736
244215,Old Polarization Model,0.60000002,0.29119924,0.60046351,0.29140997,0.077247612,0.072367027,34.816736
253665,True,0.12611251,0.11352624,0.12611251,0.11352624,,,15.397061
253665,LSTM,0.12611251,0.11352624,0.12611972,0.11355546,0.0057188319,0.025739579,15.397061
253665,CNN,0.12611251,0.11352624,0.12567765,0.11337245,0.34481955,0.13547079,15.397061
253665,MLP,0.12611251,0.11352624,0.1261849,0.11356062,0.057401001,0.030287649,15.397061
253665,Transformer,0.12611251,0.11352624,0.126169,0.11362962,0.044793576,0.091066398,15.397061
253665,Old Polarization Model,0.12611251,0.11352624,0.12605029,0.11352896,0.049330831,0.0023954478,15.397061
297703,True,0.27927685,0.15504383,0.27927685,0.15504383,,,23.44792
297703,LSTM,0.27927685,0.15504383,0.27926505,0.1550608,0.0042258138,0.010946855,23.44792
297703,CNN,0.27927685,0.15504383,0.279351,0.15492029,0.026550062,0.079674654,23.44792
297703,MLP,0.27927685,0.15504383,0.27733934,0.15398902,0.69375914,0.6803292,23.44792
297703,Transformer,0.27927685,0.15504383,0.27941912,0.15510058,0.050944533,0.036608052,23.44792
297703,Old Polarization Model,0.27927685,0.15504383,0.27927187,0.15504912,0.0017820983,0.0034118821,23.44792
313678,True,0.32727486,0.18428932,0.32727486,0.18428932,,,26.664909
313678,LSTM,0.32727486,0.18428932,0.32726198,0.18428998,0.0039338809,0.0003557727,26.664909
313678,CNN,0.32727486,0.18428932,0.32725021,0.18419257,0.0075308322,0.052500732,26.664909
313678,MLP,0.32727486,0.18428932,0.32773563,0.18440102,0.14079104,0.06061073,26.664909
313678,Transformer,0.32727486,0.18428932,0.3273229,0.18431509,0.014679204,0.013980251,26.664909
313678,Old Polarization Model,0.32727486,0.18428932,0.32726723,0.1842854,0.0023311886,0.0021265505,26.664909
321292,True,0.34994906,0.20145129,0.34994906,0.20145129,,,31.194137
321292,LSTM,0.34994906,0.20145129,0.34994829,0.20146714,0.00022142089,0.0078703072,31.194137
321292,CNN,0.34994906,0.20145129,0.34995189,0.20133053,0.00080903794,0.059944518,31.194137
321292,MLP,0.34994906,0.20145129,0.35100156,0.201796,0.30075774,0.17111261,31.194137
321292,Transformer,0.34994906,0.20145129,0.34991366,0.20141879,0.010117232,0.016132651,31.194137
321292,Old Polarization Model,0.34994906,0.20145129,0.34992582,0.20146726,0.0066426271,0.0079294825,31.194137
381815,True,0.52226347,0.36042288,0.52226347,0.36042288,,,72.902579
381815,LSTM,0.52226347,0.36042288,0.52230561,0.36039412,0.0080688177,0.0079793045,72.902579
381815,CNN,0.52226347,0.36042288,0.52222735,0.36036482,0.0069161286,0.016107447,72.902579
381815,MLP,0.52226347,0.36042288,0.5202316,0.35857445,0.38904935,0.51285017,72.902579
381815,Transformer,0.52226347,0.36042288,0.52238297,0.36041215,0.022882573,0.0029767356,72.902579
381815,Old Polarization Model,0.52226347,0.36042288,0.5224008,0.36053279,0.026294984,0.030495003,72.902579
385173,True,0.5585047,0.34946406,0.5585047,0.34946406,,,34.685459
385173,LSTM,0.5585047,0.34946406,0.5584709,0.34944963,0.0060511278,0.004127556,34.685459
385173,CNN,0.5585047,0.34946406,0.55803692,0.3493357,0.083755292,0.036730133,34.685459
385173,MLP,0.5585047,0.34946406,0.55711716,0.34764314,0.24843775,0.5210613,34.685459
385173,Transformer,0.5585047,0.34946406,0.55851096,0.34946954,0.0011205792,0.0015691534,34.685459
385173,Old Polarization Model,0.5585047,0.34946406,0.55849451,0.34951019,0.0018249433,0.013201356,34.685459
389894,True,0.21831241,0.052411765,0.21831241,0.052411765,,,14.641113
389894,LSTM,0.21831241,0.052411765,0.21993585,0.052302711,0.74363011,0.2080719,14.641113
389894,CNN,0.21831241,0.052411765,0.21182102,0.052585609,2.9734421,0.33168966,14.641113
389894,MLP,0.21831241,0.052411765,0.21446511,0.051251076,1.7622914,2.2145574,14.641113
389894,Transformer,0.21831241,0.052411765,0.21687116,0.05221507,0.66018015,0.37528849,14.641113
389894,Old Polarization Model,0.21831241,0.052411765,0.21479292,0.05146499,1.6121348,1.8064171,14.641113
